well_plate,mu,best.model,best.se,population,nitrate_concentration
B02_1,0.5494993422272065,gr,0.11443428140331964,25,5
B02_10,1.2753310579219566,gr.sat,0.14890566379849665,25,40
B02_11,1.1518879030922125,gr,0.07407861619184149,28,40
B02_12,0.9099010357132258,gr,0.14647619497433378,15,40
B02_13,1.4173135210108077,gr.sat,0.10960491080027217,25,60
B02_14,1.169999529238191,gr,0.16097535756926673,28,60
B02_15,0.9804487976515602,gr,0.1953166897692709,15,60
B02_16,3.1556616328415146,gr.lagsat,0.16174218518015282,25,80
B02_17,1.1633514383738892,gr,0.1698114666830311,28,80
B02_18,0.9837013324933106,gr,0.17955052731508997,15,80
B02_19,1.124684913542812,gr,0.17602435636484973,25,100
B02_2,0.7831087124645102,gr.sat,0.057863138141670635,28,5
B02_20,1.1559772503610992,gr,0.1335768540663042,28,100
B02_21,2.021448853701471,gr.sat,0.2783886137910957,15,100
B02_22,1.623854513539735,gr,0.19636221965441567,25,400
B02_23,1.531071233779995,gr,0.16705165819325665,28,400
B02_24,1.3690310090578202,gr,0.15821285271552088,15,400
B02_25,1.3488639103330762,gr,0.14664711864139296,25,600
B02_26,1.4134198989526776,gr,0.11370512911054466,28,600
B02_27,2.1512134316844755,gr.sat,0.25853430107663855,15,600
B02_28,1.591775011608928,gr.sat,0.06676716480663657,25,1000
B02_29,1.5255285578198046,gr,0.22757556925348957,28,1000
B02_3,0.2742048813290735,gr,0.04537360160420838,15,5
B02_30,1.4217235625069395,gr,0.15031899882274652,15,1000
B02_4,1.0868416800083467,gr.sat,0.1615282449323661,25,10
B02_5,0.7569953558238476,gr,0.13791363044515492,28,10
B02_6,0.36950786750919606,gr,0.10342442075903356,15,10
B02_7,0.8139977260350093,gr,0.09631138187777359,25,20
B02_8,0.8418467742876954,gr,0.06394596141713647,28,20
B02_9,0.6169678814468381,gr,0.13213366933686146,15,20
B03_1,0.5060885410251457,gr,0.085498377597785,19,5
B03_10,1.0058046017051598,gr,0.129455342360273,19,40
B03_11,1.0224751778268413,gr,0.09828467037726765,4,40
B03_12,1.111674977243503,gr,0.150454510814156,3,40
B03_13,1.1535401910860195,gr,0.1289696736158739,19,60
B03_14,1.1058299133887224,gr,0.14622615322318971,4,60
B03_15,1.1087418014778214,gr,0.11270326776703486,3,60
B03_16,1.0812590917444656,gr,0.17029743359168847,19,80
B03_17,1.493580199839692,gr.sat,0.18218868801444746,4,80
B03_18,1.8273940183267918,gr.sat,0.20180948199700846,3,80
B03_19,1.0742298519144857,gr,0.1385138958305291,19,100
B03_2,0.6109314444572231,gr,0.07228928558281696,4,5
B03_20,0.9982259924945254,gr,0.19513199770484096,4,100
B03_21,1.8294378076819324,gr.sat,0.303297365373391,3,100
B03_22,1.8033638521138522,gr.sat,0.10419320787452047,19,400
B03_23,1.8102908778316353,gr.sat,0.1408606139132861,4,400
B03_24,1.2805754790719537,gr,0.1277036717379916,3,400
B03_25,1.4229588131407727,gr,0.13439329002815942,19,600
B03_26,3.1232849094641675,gr.lagsat,0.14053189542370997,4,600
B03_27,1.1659752713010265,gr,0.1422294869110032,3,600
B03_28,1.371112352737968,gr,0.06259821602560382,19,1000
B03_29,1.321358739923056,gr,0.17556987730308674,4,1000
B03_3,0.549908573551377,gr,0.10655089964953098,3,5
B03_30,1.558909636780466,gr.sat,0.11591387761028507,3,1000
B03_4,1.044746101918935,gr.sat,0.11015719885710709,19,10
B03_5,0.6558493604037573,gr,0.0895895403288298,4,10
B03_6,1.0313528725311383,gr.sat,0.1726294917217693,3,10
B03_7,0.9100920279400954,gr,0.12103414168632808,19,20
B03_8,0.8012964245279415,gr,0.09708234378041448,4,20
B03_9,0.8340916895707875,gr,0.14006626945830403,3,20
B04_1,0.5293537540949511,gr,0.07202670440461502,14,5
B04_10,1.0343253157054109,gr,0.07723613558162538,14,40
B04_11,1.0047717307160926,gr,0.09374832448237881,31,40
B04_12,0.8475611127772652,gr,0.10428083117013724,cc1690,40
B04_13,1.3013081150018968,gr,0.18369584543251152,14,60
B04_14,1.073825798650305,gr,0.1756277902961138,31,60
B04_15,1.4178619857180161,gr.sat,0.06622167589715033,cc1690,60
B04_16,1.689134181653079,gr.sat,0.23407389669826187,14,80
B04_17,0.9119183124230036,gr,0.17550488279173426,31,80
B04_18,1.6378476478759563,gr.sat,0.15649314007339166,cc1690,80
B04_19,1.844551435158329,gr.sat,0.21921644578719912,14,100
B04_2,0.5808555568663181,gr,0.1045006850384147,31,5
B04_20,1.0988648995538588,gr,0.2396491760016732,31,100
B04_21,2.5135045113259484,gr.lagsat,0.11639186185591015,cc1690,100
B04_22,1.7650890668261348,gr.sat,0.12787576134638337,14,400
B04_23,1.2803751453028365,gr,0.1724995480337427,31,400
B04_24,1.201953549222004,gr,0.1580350635010477,cc1690,400
B04_25,1.253697208716179,gr,0.13208677664284285,14,600
B04_26,1.500992357913446,gr,0.21441168109709485,31,600
B04_27,1.1896942916788218,gr,0.09514760179884854,cc1690,600
B04_28,1.3226777795244644,gr,0.07002119301443316,14,1000
B04_29,1.2627129416622944,gr,0.20105865807504483,31,1000
B04_3,0.6619363942493216,gr.sat,0.09579149502206356,cc1690,5
B04_30,1.0318191525580658,gr,0.12052676302383748,cc1690,1000
B04_4,0.7008471329198905,gr,0.1151465518379994,14,10
B04_5,0.6605185306392356,gr,0.07494535870089035,31,10
B04_6,0.8910100994423567,gr.sat,0.11389305725357791,cc1690,10
B04_7,0.9187914392442643,gr,0.09694126048187107,14,20
B04_8,0.6862850766669628,gr,0.09732066747526893,31,20
B04_9,1.1544344448715695,gr.sat,0.14588353121891431,cc1690,20
B05_1,0.9051933166980519,gr,0.10864058360200726,8,5
B05_10,1.2115050208351819,gr,0.1128776401133358,8,40
B05_11,0.9935838474134927,gr,0.12487453805214536,22,40
B05_12,1.0156237001086803,gr,0.14822447571086972,16,40
B05_13,1.3872294046002915,gr,0.1017043202245649,8,60
B05_14,1.1450877517684426,gr,0.16089908840905706,22,60
B05_15,1.1593838430279115,gr,0.11365654994686554,16,60
B05_16,1.3570277532868185,gr,0.11905592010760455,8,80
B05_17,1.609141691531061,gr.sat,0.15597173861314795,22,80
B05_18,1.5128663157123363,gr.sat,0.14649151809054517,16,80
B05_19,1.553629220875979,gr.sat,0.11501372391241399,8,100
B05_2,0.5314648209476935,gr,0.09676663599039663,22,5
B05_20,1.599398290136044,gr.sat,0.1992367297459075,22,100
B05_21,1.8658894949246063,gr.sat,0.16893367524495856,16,100
B05_22,1.2099725274454023,gr,0.0654828362251494,8,400
B05_23,1.7328862443428201,gr.sat,0.17123004770291794,22,400
B05_24,1.098534192490463,gr,0.1430994293724905,16,400
B05_25,1.4959074039673061,gr.sat,0.057089578254753554,8,600
B05_26,3.5008115992732862,gr.lagsat,0.29407708052407605,22,600
B05_27,1.119709757378646,gr,0.09320597479237556,16,600
B05_28,1.55788480940747,gr.sat,0.08618154391319179,8,1000
B05_29,1.1035512448368556,gr,0.20965581861341057,22,1000
B05_3,0.5495824540218827,gr,0.09593871932909002,16,5
B05_30,1.4301349324953616,gr.sat,0.07268362983169338,16,1000
B05_4,0.9695200927207576,gr,0.07243822121282827,8,10
B05_5,0.907847404342096,gr.sat,0.10425002607427525,22,10
B05_6,1.4746260645026446,gr.lagsat,0.11183255671675629,16,10
B05_7,1.2057080235466657,gr,0.1359255463684384,8,20
B05_8,1.00362462955351,gr.sat,0.11476592284084437,22,20
B05_9,1.2222961831975139,gr.sat,0.11476592872065151,16,20
B06_1,0.5006756079664458,gr,0.13179778055473743,23,5
B06_10,1.1075232026610395,gr,0.11542901136969416,23,40
B06_11,1.0856045828187242,gr,0.11098419306633506,anc2,40
B06_12,0.9846031916360963,gr,0.09742952093429291,20,40
B06_13,1.2084100427847155,gr,0.11527613513309366,23,60
B06_14,1.4202511315578783,gr.lagsat,0.08466367769842155,anc2,60
B06_15,1.1341727025987014,gr,0.12323979557752103,20,60
B06_16,1.7133285100243234,gr.sat,0.26817987798875126,23,80
B06_17,1.5808109168434794,gr.sat,0.24658722882722195,anc2,80
B06_18,1.508358413155915,gr.sat,0.12030420918754763,20,80
B06_19,1.0544388007733208,gr,0.18134449250985862,23,100
B06_2,0.4823806800778579,gr,0.05120098941125074,anc2,5
B06_20,1.6734108945522175,gr.sat,0.1686566193138393,anc2,100
B06_21,1.9024225176351977,gr.sat,0.23556056982172036,20,100
B06_22,2.04783478499369,gr.sat,0.23238473672773313,23,400
B06_23,1.2589487933681158,gr,0.11208366728359678,anc2,400
B06_24,1.1334148835763131,gr,0.1585676163405434,20,400
B06_25,1.224963708984673,gr,0.1295417123452348,23,600
B06_26,1.4633571145423612,gr,0.2330641268845982,anc2,600
B06_27,1.7201020659251816,gr.sat,0.28399952387205163,20,600
B06_28,1.3643073421782352,gr.sat,0.06777483354887483,23,1000
B06_29,1.2955340816503642,gr,0.2004994580061283,anc2,1000
B06_3,0.563785049560887,gr,0.07703326109913403,20,5
B06_30,1.1688782785517762,gr,0.11228566140732109,20,1000
B06_4,0.6335451750494183,gr,0.09883005217421718,23,10
B06_5,1.0709577078731352,gr.sat,0.039744475150083204,anc2,10
B06_6,0.7348786563304872,gr,0.13034649312264954,20,10
B06_7,1.265743176989863,gr.sat,0.11556690379795348,23,20
B06_8,0.6544501667175443,gr,0.06508046707266738,anc2,20
B06_9,1.086603476650775,gr.sat,0.1562187861254408,20,20
B07_1,0.9080769987135826,gr.sat,0.13296566970309184,11,5
B07_10,1.0620657062791117,gr,0.11699877947229138,11,40
B07_11,1.2144934669579308,gr.lag,0.10748989497048575,27,40
B07_12,1.025879260735229,gr,0.12000138953294054,anc3,40
B07_13,1.2079695933592933,gr,0.09903919480482444,11,60
B07_14,1.691447527722545,gr.lag,0.14259493168138684,27,60
B07_15,1.1895641941043584,gr,0.1281991053111822,anc3,60
B07_16,1.8015201358323527,gr.sat,0.2328161270581005,11,80
B07_17,1.958881634384084,gr.sat,0.24678429508090965,27,80
B07_18,1.536472049895401,gr.sat,0.08750385312281232,anc3,80
B07_19,1.6749486181303288,gr.sat,0.1924713811895288,anc5,100
B07_2,0.9708119025580955,gr.lag,0.15622051136856888,27,5
B07_20,1.0168289070312335,gr,0.1678055265331906,27,100
B07_21,1.1277765377322695,gr,0.23686817269406138,anc3,100
B07_22,2.0111100748689377,gr.sat,0.28263260458199124,11,400
B07_23,1.4640982267735843,gr,0.1864086218379722,27,400
B07_24,1.1420167366696767,gr,0.112037942263521,anc3,400
B07_25,1.103066372745898,gr,0.10408346639429511,11,600
B07_26,1.2919541414534366,gr,0.147356138311787,27,600
B07_27,1.6912556290699443,gr.sat,0.12700490389729982,anc3,600
B07_28,1.6146900269224573,gr.sat,0.14930486093340456,11,1000
B07_29,1.3145957985184151,gr,0.166981133036454,27,1000
B07_3,0.5698834374536231,gr,0.1031034311361722,anc3,5
B07_30,1.1731048746919197,gr,0.1138530919189007,anc3,1000
B07_4,1.1659643424350796,gr.sat,0.1590422590763107,11,10
B07_5,0.8327707103239259,gr,0.0683550476983892,27,10
B07_6,1.3356996215131067,gr.lagsat,0.11457235459908424,anc3,10
B07_7,0.8631104687676294,gr,0.11128687441719509,11,20
B07_8,1.4415847278766583,gr.lag,0.1145139837068824,27,20
B07_9,1.110449755239725,gr.sat,0.08611513495217714,anc3,20
B08_1,1.4809512103922013,gr.lagsat,0.08902186451825404,anc5,5
B08_10,1.0345281610867338,gr,0.08896935732975274,anc5,40
B08_11,1.619949405513039,gr.sat,0.18381595078146978,17,40
B08_12,1.1279486215985894,gr,0.16668328657756884,7,40
B08_13,1.1789308999588184,gr,0.12280799136309091,anc5,60
B08_14,1.2734752863833887,gr,0.09999934651441182,17,60
B08_15,1.193698050504711,gr,0.14259291734688453,7,60
B08_16,1.668296672656323,gr.sat,0.1685215822906645,anc5,80
B08_17,1.799416040964134,gr.sat,0.16086640633483462,17,80
B08_18,1.5727714643861528,gr.sat,0.1379216555263843,7,80
B08_19,1.7035819525178084,gr.sat,0.17154274302245776,11,100
B08_2,0.9486343274249656,gr.sat,0.06699709339154244,17,5
B08_20,1.2482525510600848,gr,0.1412271954055993,17,100
B08_21,1.7155431463746522,gr.sat,0.16863329076638972,7,100
B08_22,1.6834681241252143,gr.sat,0.10764468298430617,anc5,400
B08_23,1.4579301188458311,gr,0.08763372169990173,17,400
B08_24,1.1646602308468172,gr,0.11380207967105162,7,400
B08_25,1.2632250255956696,gr,0.07194358388215921,anc5,600
B08_26,1.4380659347182498,gr,0.10155931530142955,17,600
B08_27,1.5519065006546613,gr.sat,0.16326052983746736,7,600
B08_28,1.3122455843112302,gr,0.11029861152152205,anc5,1000
B08_29,1.5053817433453236,gr,0.1669051310442096,17,1000
B08_3,0.7309300911535638,gr,0.1322446966885618,7,5
B08_30,1.2100702251592763,gr,0.10002685963013128,7,1000
B08_4,0.7839270986449436,gr,0.13838218736115318,anc5,10
B08_5,1.1304640810708106,gr.sat,0.09366351606647029,17,10
B08_6,0.6835192003744027,gr,0.12542022350096327,7,10
B08_7,0.850571603320464,gr,0.09598268147424434,anc5,20
B08_8,1.533861835810013,gr.sat,0.08304540671271986,17,20
B08_9,1.017448348448309,gr,0.13543049632181692,7,20
B09_1,1.8649590807813436,gr.lagsat,0.11394892904322253,1,5
B09_10,1.1183480071339658,gr,0.13923279220213058,1,40
B09_11,0.9784258924816421,gr,0.09595456812436264,26,40
B09_12,1.1060953753363878,gr,0.1417966707429236,5,40
B09_13,1.1622725543582275,gr,0.11916567230229633,1,60
B09_14,1.3707274725261827,gr.sat,0.09937619526405067,26,60
B09_15,1.1111612901004615,gr,0.08923190484321576,5,60
B09_16,2.623181659145898,gr.lagsat,0.14942112164599738,1,80
B09_17,1.8521789571061966,gr.sat,0.21836116672637826,26,80
B09_18,1.4219262838675413,gr.sat,0.1464407722535826,5,80
B09_19,1.2507568426665858,gr,0.13138172731546385,1,100
B09_2,1.4825715965038662,gr.lagsat,0.09090979523301808,26,5
B09_20,1.6309290013492757,gr.sat,0.23397149639150996,26,100
B09_21,1.2115488147512323,gr,0.17929564016272034,5,100
B09_22,1.4769454873478485,gr,0.21038196687423621,1,400
B09_23,1.9511787166323349,gr.sat,0.1271287386018408,26,400
B09_24,1.1515814403936018,gr,0.07317902535025862,30,400
B09_25,1.2557735366462597,gr,0.07976859581899301,1,600
B09_26,1.5450261596876647,gr.sat,0.19097626584964794,26,600
B09_27,1.2197087184009296,gr,0.1918509833737435,5,600
B09_28,1.3840590413917484,gr,0.08752907007159243,1,1000
B09_29,1.1083711700180057,gr,0.1634433055020865,26,1000
B09_3,0.6047799970683277,gr,0.13204711025729998,5,5
B09_30,1.2144698228113406,gr,0.10823526047520116,5,1000
B09_4,0.7440768503682662,gr,0.07458244431121248,1,10
B09_5,0.6617976281173952,gr,0.09136716657766819,26,10
B09_6,0.8065478131459817,gr,0.183618773144391,5,10
B09_7,0.8472836603122895,gr,0.09634364838177269,1,20
B09_8,0.7868413256336227,gr,0.10499187328065104,26,20
B09_9,1.5969734833779732,gr.lagsat,0.08575731636750054,5,20
B10_11,1.0019061601681791,gr,0.12233576859534413,2,40
B10_12,1.8227893179107337,gr.sat,0.062073100442593815,29,40
B10_14,1.0430861846446395,gr,0.13155494540432683,2,60
B10_15,1.8299151835506968,gr.lagsat,0.13962559809904324,29,60
B10_17,1.7036712256517166,gr.sat,0.3212135197638521,2,80
B10_18,1.6115548209109234,gr.sat,0.09573360824671255,29,80
B10_2,0.6388612818156086,gr,0.08158748096331139,2,5
B10_20,1.5785973308254786,gr.sat,0.16091077008478905,2,100
B10_21,1.3079434233854785,gr.sat,0.10082335258010124,29,100
B10_23,1.7943763067879321,gr.sat,0.22540362354846058,2,400
B10_24,1.6031031066741674,gr.sat,0.07832650633615591,29,400
B10_26,1.488588713546011,gr.sat,0.18783474386960455,2,600
B10_27,1.3597214088953566,gr,0.12739581929079427,29,600
B10_29,0.918719511327219,gr,0.1651817137098788,2,1000
B10_3,1.0056197697228793,gr.sat,0.12032605022655024,29,5
B10_30,1.2968208409733784,gr,0.06741580002188736,29,1000
B10_5,0.7187715319288416,gr,0.09311536128187163,2,10
B10_6,0.8929315486495872,gr.sat,0.0991450858326572,29,10
B10_8,0.8033340060252636,gr,0.10118745223225567,2,20
B10_9,0.9370929932412377,gr,0.11944935860497227,29,20
B11_1,0.8112129040295905,gr,0.16590826214390728,24,5
B11_10,1.5193439643369167,gr.lag,0.18455219131737813,24,40
B11_11,1.2164850115182055,gr.sat,0.09152073705490685,18,40
B11_12,1.1248171039027204,gr.sat,0.08067428254729012,anc4,40
B11_13,2.0825324628527295,gr.lag,0.0935104134096845,24,60
B11_14,1.2931515623045433,gr.sat,0.058068761027654514,18,60
B11_15,1.1166963090353332,gr,0.10389997564793135,anc4,60
B11_16,1.4804569527265103,gr,0.2748341969555385,24,80
B11_17,1.6661432603248836,gr.sat,0.22208449574004638,18,80
B11_18,1.6762094632200875,gr.sat,0.12969390089756527,anc4,80
B11_19,1.7783656676850355,gr.sat,0.26149653889541097,24,100
B11_2,0.5792493355669224,gr,0.10179329123850529,18,5
B11_20,1.6117984254093851,gr.sat,0.22861380389904531,18,100
B11_21,2.394799632255029,gr.lagsat,0.1714787026011355,anc4,100
B11_22,3.1226760314563693,gr.lagsat,0.21340321267163717,24,400
B11_23,1.2130804439752023,gr,0.11075303913881487,18,400
B11_24,1.1660536298128077,gr,0.11643432068828824,anc4,400
B11_25,1.3893295049382395,gr,0.08751977730274345,24,600
B11_26,1.237630525368201,gr,0.17431628596854487,18,600
B11_27,1.10079160406459,gr,0.12910792385902534,anc4,600
B11_28,1.7601955556654512,gr.sat,0.13465078384181345,24,1000
B11_29,1.0655679224327672,gr,0.10834432413040807,18,1000
B11_3,0.7931041456972804,gr.sat,0.054206430681933794,anc4,5
B11_30,1.0974808134663745,gr,0.1254760817903576,anc4,1000
B11_4,1.256953060567001,gr.lag,0.1625216355646942,24,10
B11_5,0.7448674837612539,gr,0.1262017885285349,18,10
B11_6,0.6332040588234641,gr,0.15936386169440794,anc4,10
B11_7,0.8988105496776633,gr,0.18258517311483163,24,20
B11_8,0.7758064430066453,gr,0.11101049349730872,18,20
B11_9,1.2482148829670656,gr.sat,0.13918700343043697,anc4,20
C02_1,0.7607319799852962,gr,0.07450633641238552,6,5
C02_10,1.1132786708294415,gr,0.11697815648160459,6,40
C02_11,1.3541753239605117,gr,0.07900424682649912,21,40
C02_12,1.0260992312310315,gr,0.13887409222288102,10,40
C02_13,1.245103940617992,gr,0.09132309885962162,6,60
C02_14,1.423635311873512,gr,0.07382415367887664,21,60
C02_15,1.1834998091625406,gr,0.13050392272483524,10,60
C02_16,1.2271746325928523,gr.sat,0.1038335089125051,6,80
C02_17,1.719496206029297,gr.sat,0.05173221693871964,21,80
C02_18,1.6855598386705644,gr.sat,0.23401886240975048,10,80
C02_19,1.559384598575773,gr.sat,0.15378245150031106,6,100
C02_2,1.0209000892756803,gr,0.10672452167974152,21,5
C02_20,1.6887066840665068,gr.sat,0.09113556306626681,21,100
C02_21,2.0142211532041654,gr.sat,0.22343271864499642,10,100
C02_22,1.3600322992997633,gr,0.09739773492157983,6,400
C02_23,1.7353210911267856,gr.sat,0.07477035754044578,21,400
C02_24,1.4688049524229991,gr.sat,0.11890106908931963,10,400
C02_25,1.3638372772394527,gr,0.10575118555151268,6,600
C02_26,1.557949815478984,gr,0.1251009122737954,21,600
C02_27,1.1014379973326909,gr,0.1277138860794708,10,600
C02_28,1.3670522316484084,gr,0.04937101433559331,6,1000
C02_29,1.471981622751279,gr,0.12326054283401026,21,1000
C02_3,0.9417369037457574,gr.sat,0.0911995792411905,10,5
C02_30,1.6584993939153676,gr.sat,0.17301738175205522,10,1000
C02_4,0.9073065330290234,gr,0.10824669298422841,6,10
C02_5,1.1129452807463707,gr,0.10617144925524045,21,10
C02_6,0.6321401197316813,gr,0.11645512307761194,10,10
C02_7,1.0982833124836329,gr,0.09878791893063468,6,20
C02_8,1.2166912753237515,gr,0.10385133509528227,21,20
C02_9,0.7557958356161151,gr,0.17577537480030958,10,20
C03_1,0.9573546197034564,gr.sat,0.09660563235484214,33,5
C03_10,1.0022952698508119,gr,0.10452175531292349,33,40
C03_11,2.1285475323907024,gr.lagsat,0.0747332019968008,9,40
C03_12,1.183003715354208,gr,0.09811755473916882,30,40
C03_13,1.1593289548896843,gr,0.1372673580486045,33,60
C03_14,1.1750646912370064,gr,0.12393863144358021,9,60
C03_15,1.3464327999203527,gr,0.14411760026784035,30,60
C03_16,0.9927293243138383,gr,0.19851706976289282,33,80
C03_17,1.6310451752740907,gr.sat,0.17442836354599747,9,80
C03_18,1.7485107746205508,gr.sat,0.19764689351662737,30,80
C03_19,1.9497118678311678,gr.sat,0.36205142902571336,33,100
C03_2,0.8718084333371839,gr.sat,0.061212112695148646,9,5
C03_20,1.0919952342698405,gr,0.17907278856872763,9,100
C03_21,1.4008753936284157,gr,0.16549551507592697,30,100
C03_22,1.2678358316484712,gr,0.12161398168287917,33,400
C03_23,1.1648076851410736,gr,0.15176939147709717,9,400
C03_24,1.3029074193329677,gr,0.1322994833634513,5,400
C03_25,1.353741310334394,gr,0.16522952185264259,33,600
C03_26,1.4750606705431337,gr,0.1636102558346181,9,600
C03_27,1.2070997444043703,gr,0.11309660529941166,30,600
C03_28,1.2587383799009886,gr,0.09031270228941313,33,1000
C03_29,1.1154642050322565,gr,0.15606785312716778,9,1000
C03_3,1.308206783238162,gr.sat,0.2274385853351085,30,5
C03_30,1.4686018699400967,gr.sat,0.0661170930809392,30,1000
C03_4,1.1035052141617685,gr.sat,0.13951854025272542,33,10
C03_5,0.7848118157452239,gr,0.05812133385985086,9,10
C03_6,0.8827675674000558,gr,0.14758533869240315,30,10
C03_7,0.7723420567136721,gr,0.09567335073480403,33,20
C03_8,0.7603292788016928,gr,0.11058238519355662,9,20
C03_9,1.072476829039987,gr.sat,0.11934130864549343,30,20
C04_1,0.8964668627223715,gr.sat,0.09033471898256341,32,5
C04_10,0.9466781510121326,gr,0.12830066316778,32,40
C04_11,1.299478120699623,gr.sat,0.06285661627490888,35,40
C04_12,1.4688234932590476,gr.lag,0.1894045566288802,5,40
C04_13,1.720239401526959,gr.sat,0.17539643586235285,32,60
C04_14,1.530448317006547,gr.sat,0.0817023911095918,35,60
C04_15,1.137926240105981,gr,0.09601494691262139,5,60
C04_16,1.7878482198342056,gr.sat,0.24874209884730772,32,80
C04_17,1.134724426049901,gr,0.12976846130387257,35,80
C04_18,1.441860405494946,gr.sat,0.15673306829370048,5,80
C04_19,1.9911849195816638,gr.sat,0.21836889956973124,32,100
C04_2,0.6609614686175438,gr,0.09389063971732829,35,5
C04_20,1.269438869393172,gr,0.1327389434651211,35,100
C04_21,1.652408158400983,gr.sat,0.20176857132671816,5,100
C04_22,1.4095931983417365,gr,0.11303896765210356,32,400
C04_23,1.3378247802303767,gr,0.08709705553274696,35,400
C04_24,1.5294806254559694,gr.sat,0.09492022036824885,30,400
C04_25,1.2591826232094734,gr,0.13903882477575882,32,600
C04_26,1.4938417609761616,gr,0.13894278171823463,35,600
C04_27,1.1763603468249593,gr,0.1351478778323308,5,600
C04_28,1.2687062349396634,gr,0.11434156634646739,32,1000
C04_29,1.501190764835162,gr,0.170360017045945,35,1000
C04_3,0.6322146986756572,gr,0.0732564095762429,5,5
C04_30,1.2144618662517859,gr,0.14767127308244662,5,1000
C04_4,0.7666638489156529,gr.sat,0.11668030108897219,32,10
C04_5,0.9373133311215747,gr.sat,0.07543560428807171,35,10
C04_6,0.8122866881998563,gr,0.1317505473103046,5,10
C04_7,1.1102225031146358,gr.sat,0.09728316677958139,32,20
C04_8,1.040955636902266,gr,0.07501801599945779,35,20
C04_9,0.9132965639877938,gr,0.1710217552790867,5,20
C05_1,0.6019589215025397,gr,0.10736070033316675,25,5
C05_10,1.1257646205320466,gr,0.10687673619022114,25,40
C05_11,1.0098621753688362,gr,0.13433518194298835,28,40
C05_12,0.8771963010810505,gr,0.10930821446784188,cc1690,40
C05_13,1.4996570778617677,gr.sat,0.07141898769942583,25,60
C05_14,1.2901715462700778,gr,0.11689182390372443,28,60
C05_15,1.1288391750692979,gr,0.10810638154406792,cc1690,60
C05_16,1.1169298267179832,gr,0.18414320370824616,25,80
C05_17,1.851840094070446,gr.sat,0.2372061153168721,28,80
C05_18,2.136253474178296,gr.lagsat,0.07056970709237509,cc1690,80
C05_19,1.0260669847089465,gr,0.18117694535625603,25,100
C05_2,0.8828180384714631,gr.sat,0.08276484325153574,28,5
C05_20,1.682956582748323,gr.sat,0.13339007540985148,28,100
C05_21,1.813311660685833,gr.sat,0.26763628234251274,cc1690,100
C05_22,1.3525879973114192,gr,0.12957650667795098,25,400
C05_23,1.5276809352539475,gr,0.1428748574849653,28,400
C05_24,1.0840230854933823,gr,0.12277735946180675,cc1690,400
C05_25,1.3323250630755874,gr,0.10796765006001607,25,600
C05_26,1.4543704422335615,gr,0.17662176546077923,28,600
C05_27,1.1927720772085786,gr,0.1287175466475427,cc1690,600
C05_28,1.3498798307030988,gr,0.06348411284133926,25,1000
C05_29,1.4195107328938867,gr,0.10308200712714372,28,1000
C05_3,0.828433912830026,gr.sat,0.09423031969420045,cc1690,5
C05_30,1.5425370781346501,gr.sat,0.16687402583908134,cc1690,1000
C05_4,0.6905353957589627,gr,0.13655942673147356,25,10
C05_5,1.3394116608731133,gr.sat,0.13793141062941391,28,10
C05_6,1.219972561060802,gr.sat,0.16531122848708607,cc1690,10
C05_7,1.9040442744135964,gr.lagsat,0.12960329883081276,25,20
C05_8,1.1095804900088604,gr,0.14848307879793668,28,20
C05_9,1.0960028331368619,gr.sat,0.1368274065030138,cc1690,20
C06_1,1.2083132668010732,gr.sat,0.10211230895872828,1,5
C06_10,1.0615324569322186,gr,0.10009508996709232,1,40
C06_11,1.0248464853845949,gr,0.1054047188409423,26,40
C06_12,0.9626548269095149,gr,0.11444160588648572,anc3,40
C06_13,1.695159638853945,gr.lagsat,0.06550419939923362,1,60
C06_14,1.3445520450756183,gr.sat,0.03461684531658063,26,60
C06_15,1.4320343791227206,gr.sat,0.11177100188547952,anc3,60
C06_16,1.0784974631234925,gr,0.15514407598045074,1,80
C06_17,1.7177198622761751,gr.sat,0.17259457340640072,26,80
C06_18,1.674933105480224,gr.sat,0.1133477382827755,anc3,80
C06_19,2.2431810897003994,gr.lagsat,0.05669442769027166,1,100
C06_2,0.6206486100746955,gr,0.1167094539687552,26,5
C06_20,1.5998477506940751,gr.sat,0.22111237448955734,26,100
C06_21,2.889035087473552,gr.lagsat,0.13214396424496874,anc3,100
C06_22,1.4320997992896114,gr,0.09951647643899275,1,400
C06_23,1.8321577325486156,gr.sat,0.17218218969237153,26,400
C06_24,1.183450775488152,gr,0.12990323802234663,anc3,400
C06_25,1.3118973988802054,gr,0.09543356044418808,1,600
C06_26,1.368340116047969,gr.sat,0.1200976662971086,26,600
C06_27,1.217818714568045,gr,0.09661133450059341,anc3,600
C06_28,1.32267039360868,gr,0.0807929687723748,1,1000
C06_29,1.1858123106785161,gr,0.16666175559323895,26,1000
C06_3,0.5027226674524464,gr,0.08788951643387259,anc3,5
C06_30,1.1642785276848902,gr,0.09607512851347276,anc3,1000
C06_4,0.8733112201696255,gr.sat,0.10126263688957268,1,10
C06_5,1.0997331717393224,gr.sat,0.08891395250834011,26,10
C06_6,0.4785978561634646,gr,0.14200794194212527,anc3,10
C06_7,0.9184676505387239,gr,0.09344057395865218,1,20
C06_8,0.7106934795488038,gr,0.12842719338996977,26,20
C06_9,1.1060149455224795,gr.sat,0.15967093626480314,anc3,20
C07_1,0.5594550093500336,gr,0.11967354266249115,11,5
C07_10,1.1148084051990603,gr,0.12315717143589186,11,40
C07_11,1.4904521642355246,gr.lag,0.1436253159009859,27,40
C07_12,1.07724300480663,gr,0.17528103808890888,7,40
C07_13,1.575504456296149,gr.sat,0.08716753432329855,11,60
C07_14,1.776217779001302,gr.lag,0.2044224796121123,27,60
C07_15,1.2407216166809425,gr,0.1284216974113946,7,60
C07_16,3.0853978308020937,gr.lagsat,0.24146211117595714,11,80
C07_17,1.969134876221128,gr.sat,0.313978036404454,27,80
C07_18,1.4294943164505163,gr.sat,0.13384752613085366,7,80
C07_19,2.298890629192087,gr.lagsat,0.06975820776590386,anc5,100
C07_2,0.6776925693995635,gr,0.10153583464226944,27,5
C07_20,1.7622237729222303,gr.sat,0.22490390910671595,27,100
C07_21,1.7367643796355872,gr.sat,0.20894307346022045,7,100
C07_22,1.5791082419009141,gr.sat,0.12751290897783046,11,400
C07_23,1.4774008170254218,gr,0.2213785589111545,27,400
C07_24,1.1123925097997607,gr,0.10330341391108923,7,400
C07_25,1.4177218014153201,gr.sat,0.08618230895570862,11,600
C07_26,1.233780065968257,gr,0.11790475533904152,27,600
C07_27,1.1572202181958535,gr,0.12401826627387029,7,600
C07_28,1.639085387859117,gr.sat,0.11983819416961246,11,1000
C07_29,1.3944746866875575,gr,0.15020376679943573,27,1000
C07_3,0.7133281600621584,gr,0.0720495076542155,7,5
C07_30,1.1976993240299922,gr,0.09846873507432506,7,1000
C07_4,0.7779451652257457,gr,0.15043729079285398,11,10
C07_5,1.2193054771715994,gr.lag,0.16450406043806026,27,10
C07_6,0.904017777502179,gr,0.1695852184681929,7,10
C07_7,1.3418785126568067,gr.sat,0.1270749875425316,11,20
C07_8,1.2974119021298371,gr.lag,0.21060201189988562,27,20
C07_9,0.9964441965901439,gr,0.14727502122047376,7,20
C08_11,1.0503406548707481,gr,0.12879285707217203,2,40
C08_12,1.3890087375686289,gr.sat,0.058521271021711056,16,40
C08_14,1.165058525325792,gr,0.14225182295588673,2,60
C08_15,1.0167229163454874,gr,0.10029207807336199,16,60
C08_17,1.731161609200848,gr.sat,0.13706907699704932,2,80
C08_18,2.2657173294469857,gr.lagsat,0.2142922197608829,16,80
C08_2,0.5704205292325094,gr,0.07806972500115716,2,5
C08_20,1.6672548917686436,gr.sat,0.18001327913996049,2,100
C08_21,1.5929232193061413,gr.sat,0.27273638924353183,16,100
C08_23,1.9392957044648618,gr.sat,0.10554577951698217,2,400
C08_24,1.018441740467304,gr,0.09278507376227914,16,400
C08_26,1.3329206874705306,gr.sat,0.14811154602614626,2,600
C08_27,1.053631402168375,gr,0.07584214300304838,16,600
C08_29,0.9902865385877826,gr,0.19633813020307683,2,1000
C08_3,0.7873419058116787,gr.sat,0.07307407930663737,16,5
C08_30,1.4161977754388013,gr.sat,0.09925431130734158,16,1000
C08_5,0.8714954441173046,gr.sat,0.05085151060630659,2,10
C08_6,1.0280891666955894,gr.sat,0.1596711340845329,16,10
C08_8,1.4669997760722384,gr.sat,0.13909713320342154,2,20
C08_9,1.2838773732154662,gr.sat,0.16547511541227228,16,20
C09_1,0.8430005749877758,gr,0.10642007689004444,6,5
C09_10,1.266590865792731,gr,0.09932090081620165,6,40
C09_11,1.3494332301350815,gr,0.08463975970962487,21,40
C09_12,1.2234329554586663,gr,0.09764283482502877,30,40
C09_13,1.2398966276675905,gr,0.1186401420499031,6,60
C09_14,1.4800157798554592,gr,0.05937995402037456,21,60
C09_15,1.6254467519216234,gr.sat,0.12768659398121723,30,60
C09_16,1.6056128094068873,gr.sat,0.15067622587967094,6,80
C09_17,1.9241330417071205,gr.sat,0.04773302303830148,21,80
C09_18,1.595779730280579,gr.sat,0.1637879533183794,30,80
C09_19,1.6749206138474102,gr.sat,0.17239721197042437,6,100
C09_2,1.2667816726423717,gr.sat,0.05982921287951103,21,5
C09_20,1.6078220085025738,gr.sat,0.0385253730204193,21,100
C09_21,1.078172441663947,gr,0.1388319168360169,30,100
C09_22,1.5871375460801105,gr.sat,0.08251088571247107,6,400
C09_23,1.62641971774013,gr.sat,0.09934514471826794,21,400
C09_24,1.2237572251047049,gr,0.07864862497621324,5,400
C09_25,1.2934581932101699,gr,0.06886880586614152,6,600
C09_26,1.7605074309262914,gr.sat,0.09433912676244091,21,600
C09_27,1.2185395942580521,gr,0.09771829537773237,30,600
C09_28,1.3878860450870807,gr,0.08730867858580295,6,1000
C09_29,1.3896089142297312,gr,0.14562512043299025,21,1000
C09_3,0.590017708918427,gr,0.1405199950552031,30,5
C09_30,1.2928147333229973,gr,0.0706593442801396,30,1000
C09_4,0.8454686961834298,gr,0.09245877054885598,6,10
C09_5,0.9984532076338948,gr,0.054670845897564206,21,10
C09_6,0.965473300689942,gr.sat,0.15968477782096743,30,10
C09_7,1.0008969553044544,gr,0.1137305681953915,6,20
C09_8,1.1751516773274906,gr,0.09809869068986433,21,20
C09_9,0.9311954857200301,gr,0.17167015951105583,30,20
C10_1,0.8386881442904109,gr.sat,0.1025368637073336,23,5
C10_10,1.0352973794553815,gr,0.1192217298257961,23,40
C10_11,1.3778046084230733,gr.sat,0.15539411229351988,anc2,40
C10_12,1.2028530643912878,gr.sat,0.10275877036396087,3,40
C10_13,1.4148036877435612,gr.sat,0.1032447174267906,23,60
C10_14,1.0822922359928422,gr,0.14305293617480264,anc2,60
C10_15,1.1495274221169607,gr,0.09110492455042557,3,60
C10_16,1.8501465901722345,gr.sat,0.2517056213920547,23,80
C10_17,1.663465957347695,gr.sat,0.18368336636475321,anc2,80
C10_18,1.5034365448116063,gr.sat,0.13650333576357956,3,80
C10_19,1.853088079461715,gr.sat,0.22240550443792823,23,100
C10_2,0.628019541649446,gr.sat,0.04255063328393576,anc2,5
C10_20,1.8015995594465901,gr.sat,0.2441567384340858,anc2,100
C10_21,1.7139153355904873,gr.sat,0.2241240947430413,3,100
C10_22,1.8707129592250697,gr.sat,0.2558497183025416,23,400
C10_23,1.2191348552111685,gr,0.14427761233489086,anc2,400
C10_24,1.1639915433379724,gr,0.11746157467350407,3,400
C10_25,1.2998747054904398,gr,0.15068698684163723,23,600
C10_26,1.2577295108272855,gr,0.12555787634987348,anc2,600
C10_27,1.374854065280022,gr.sat,0.07122029191550054,3,600
C10_28,1.9903042164900377,gr.sat,0.10519645914336014,23,1000
C10_29,1.1441910367097292,gr,0.13383713622909987,anc2,1000
C10_3,1.2578874122694867,gr.sat,0.12913010747882278,3,5
C10_30,1.1144839223962237,gr,0.09357891380224365,3,1000
C10_4,1.2538242641957265,gr.sat,0.12977013916315913,23,10
C10_5,1.0010024288241552,gr.sat,0.08072981561143766,anc2,10
C10_6,1.4912928788189233,gr.lagsat,0.05876014494890835,3,10
C10_7,1.2371449332546602,gr.sat,0.1349187554617863,23,20
C10_8,1.1380984743983436,gr.sat,0.10186617351812549,anc2,20
C10_9,1.474520938667391,gr.sat,0.22230396489153786,3,20
C11_1,0.54873249918712,gr,0.13167008494088153,anc5,5
C11_10,1.095043416494099,gr,0.09068975974127434,anc5,40
C11_11,1.1059054353944866,gr,0.1535533593196915,17,40
C11_12,1.3348990264776055,gr.sat,0.20373317343609298,15,40
C11_13,1.2399731796149214,gr,0.08708689519145799,anc5,60
C11_14,1.6728878337225712,gr.sat,0.13692641243916776,17,60
C11_15,0.9664175848459454,gr,0.14315696617742038,15,60
C11_16,2.0531097116423793,gr.lagsat,0.06649907271760755,anc5,80
C11_17,1.1049685040541883,gr,0.13509843793197593,17,80
C11_18,2.327572142457813,gr.lagsat,0.1832373086235711,15,80
C11_19,2.3819083225309123,gr.lagsat,0.13086702424045227,11,100
C11_2,0.9560743673454751,gr.sat,0.07473076718884102,17,5
C11_20,1.7429102965881873,gr.sat,0.1299775620086357,17,100
C11_21,1.1029648132569987,gr,0.23106198075884007,15,100
C11_22,1.6054891499342703,gr.sat,0.15099193523366472,anc5,400
C11_23,1.7193738114822212,gr.sat,0.04540211498126867,17,400
C11_24,1.343566845895405,gr,0.11904599518597414,15,400
C11_25,1.2498790087118916,gr,0.1296247027046773,anc5,600
C11_26,1.4965624576062977,gr,0.10705465025623202,17,600
C11_27,1.2865976605043787,gr,0.08704644313738694,15,600
C11_28,1.5024250933252628,gr.sat,0.11293596966561446,anc5,1000
C11_29,1.4329484039150917,gr,0.14074026527216552,17,1000
C11_3,0.35703946234804285,gr,0.07717448396237052,15,5
C11_30,1.179976367070301,gr,0.09530023352856075,15,1000
C11_4,0.7864385085085026,gr,0.10707353913659867,anc5,10
C11_5,0.8256918274135708,gr.sat,0.048779609956419924,17,10
C11_6,0.7040128798373885,gr.sat,0.12237785362651019,15,10
C11_7,0.8654813943297763,gr,0.12154681007274812,anc5,20
C11_8,1.048920997033792,gr,0.12616334158647025,17,20
C11_9,1.3645823144653275,gr.sat,0.13709270710579058,15,20
D02_1,1.0477081949595792,gr.lag,0.14269845610767207,24,5
D02_10,1.3625572910662473,gr.lag,0.17680510823732404,24,40
D02_11,1.3593360986495113,gr.sat,0.12678792837805503,18,40
D02_12,1.1449012902019118,gr,0.10403780821404332,29,40
D02_13,1.6562794391995928,gr.lag,0.1660271951174719,24,60
D02_14,1.2695713909260282,gr.sat,0.09513063061938129,18,60
D02_15,1.5062561289499345,gr.sat,0.09042632830749155,29,60
D02_16,1.5122843213913326,gr,0.26294576479010173,24,80
D02_17,1.6150104488633847,gr.sat,0.19391801925157515,18,80
D02_18,1.6313951315414528,gr.sat,0.1635813124510467,29,80
D02_19,2.2595259724389947,gr.lagsat,0.05277499659454147,24,100
D02_2,0.502650373628612,gr,0.11300701473193576,18,5
D02_20,1.0958812660664372,gr,0.14671265540239062,18,100
D02_21,1.2058980113281408,gr,0.14473273489174296,29,100
D02_22,1.4262792580398673,gr,0.14605431437766583,24,400
D02_23,1.2197436100808041,gr,0.17247859144405883,18,400
D02_24,1.4478197244854594,gr,0.1294964891618588,29,400
D02_25,1.4252833111085554,gr,0.1764355064948368,24,600
D02_26,1.5550909509741446,gr,0.20626278110811436,18,600
D02_27,1.4775009780806636,gr.sat,0.06022827043572574,29,600
D02_28,1.3469889564540294,gr,0.10320633384338704,24,1000
D02_29,1.5996284042387636,gr.sat,0.12451668414000014,18,1000
D02_3,1.185254000105692,gr.sat,0.11543846410119164,29,5
D02_30,1.5235321516648153,gr,0.0661614914628802,29,1000
D02_4,0.8621217416234854,gr,0.1401882697596363,24,10
D02_5,0.75443880953952,gr,0.12375263637627351,18,10
D02_6,1.2271519953058998,gr.sat,0.13093705412918943,29,10
D02_7,1.3522454351109074,gr.lag,0.17619243954134076,24,20
D02_8,0.7573577188626587,gr,0.11086816146074235,18,20
D02_9,1.5131908195418529,gr.sat,0.07516389105427201,29,20
D03_1,1.0839119927546357,gr,0.10831346684201988,8,5
D03_10,1.4711049553466022,gr.lag,0.09740372029303711,8,40
D03_11,1.249412266646011,gr.sat,0.08425008499712355,22,40
D03_12,0.9671954142818835,gr,0.13287200646956254,20,40
D03_13,1.2800233216763734,gr,0.10919762389937988,8,60
D03_14,1.360037797673905,gr.sat,0.09692720015950582,22,60
D03_15,1.1439369453690449,gr,0.1151496271680466,20,60
D03_16,1.5162208155023564,gr.sat,0.09139541995015771,8,80
D03_17,1.5076457782155437,gr.sat,0.13036129780493366,22,80
D03_18,1.1914386858824693,gr.sat,0.10701078221613623,20,80
D03_19,1.5190852449226733,gr.sat,0.0929935894590448,8,100
D03_2,0.8839621784300773,gr.sat,0.11888363266730521,22,5
D03_20,1.6869967441722233,gr.sat,0.20534232830079513,22,100
D03_21,2.2706284677818105,gr.lagsat,0.1210756222541284,20,100
D03_22,1.5629953699365673,gr.sat,0.09396754501661117,8,400
D03_23,1.862471628933739,gr.sat,0.15811059003096029,22,400
D03_24,1.2053282598028745,gr,0.14617903044381073,20,400
D03_25,1.5455300005118044,gr.sat,0.043164058828650716,8,600
D03_26,1.5320314927767493,gr,0.21657086650646407,22,600
D03_27,1.2282039897865422,gr,0.09847275999764593,20,600
D03_28,1.5153532876143294,gr.sat,0.0711424639008163,8,1000
D03_29,1.2307590614852981,gr,0.16761208047693338,22,1000
D03_3,0.6034169712762386,gr,0.10860988832533336,20,5
D03_30,1.6235927426909726,gr.sat,0.10085991220601967,20,1000
D03_4,1.1884484659784333,gr,0.09730895142725667,8,10
D03_5,0.6051213111125184,gr,0.093973643284375,22,10
D03_6,0.6909162410288131,gr,0.12984366450320076,20,10
D03_7,1.1725408859959856,gr,0.10091751453549926,8,20
D03_8,0.9935587481235071,gr.sat,0.1016074521495506,22,20
D03_9,0.6883193992998978,gr,0.09514806626162772,20,20
D04_1,0.6513970497032167,gr,0.09295778599608934,19,5
D04_10,1.128057694979455,gr,0.09747395027811104,19,40
D04_11,1.0921609023676044,gr,0.09325579711946333,4,40
D04_12,0.92075247440663,gr,0.11400792809469694,anc4,40
D04_13,1.260804804298182,gr,0.10757788248152768,19,60
D04_14,1.230447004471508,gr,0.13014422963354286,4,60
D04_15,1.300520116667909,gr.sat,0.06878286396550291,anc4,60
D04_16,1.0475757515120905,gr,0.15485833979032773,19,80
D04_17,1.6379652930593163,gr.sat,0.20172884420212597,4,80
D04_18,1.4546191605540526,gr.sat,0.11859927752354375,anc4,80
D04_19,1.0755976661496027,gr,0.19357405563522065,19,100
D04_2,0.6502408245286049,gr,0.04392674894541331,4,5
D04_20,1.6301341796439055,gr.sat,0.19054085976475293,4,100
D04_21,1.51722461262723,gr.sat,0.1546251855072567,anc4,100
D04_22,1.2760848600977803,gr,0.10561468249908824,19,400
D04_23,1.6662952968295524,gr.sat,0.15304928063353263,4,400
D04_24,1.4365124614519948,gr.sat,0.11631107268214623,anc4,400
D04_25,1.2395553805758055,gr,0.08128629184874571,19,600
D04_26,1.9801546333584732,gr.sat,0.1664746250622299,4,600
D04_27,1.0879630602491945,gr,0.07569507500285505,anc4,600
D04_28,1.2885721674303916,gr,0.052747373137381114,19,1000
D04_29,1.18054100516115,gr,0.14078564731470258,4,1000
D04_3,0.4698892771807551,gr,0.1048540548553765,anc4,5
D04_30,1.1496902362887162,gr,0.09120954317912972,anc4,1000
D04_4,1.0725715114954795,gr.sat,0.09472474121910804,19,10
D04_5,0.736632738510969,gr,0.09714061419032975,4,10
D04_6,0.9807007698797678,gr.sat,0.11375020465764842,anc4,10
D04_7,1.0202864058483836,gr,0.12550834027798477,19,20
D04_8,0.7696787969099739,gr,0.07206566184580131,4,20
D04_9,0.7686232801047179,gr,0.12326101627818796,anc4,20
D05_1,1.1650761588954288,gr.sat,0.13284375401484244,33,5
D05_10,1.1366490794993935,gr,0.11692159269232308,33,40
D05_11,1.1032771714333205,gr,0.09709229565544558,9,40
D05_12,0.9831129298182065,gr,0.11956879973912123,10,40
D05_13,1.0971459474310559,gr,0.10152993594482522,33,60
D05_14,1.1746090389775632,gr,0.12021920831632348,9,60
D05_15,1.1374443763319744,gr,0.10125525111822856,10,60
D05_16,0.9601301610746624,gr,0.16883691800087167,33,80
D05_17,1.5777561986833233,gr.sat,0.1779375230495395,9,80
D05_18,0.9106539855795727,gr,0.12453073409020939,10,80
D05_19,0.9972920911448822,gr,0.19751102027806564,33,100
D05_2,1.1832008462099286,gr.sat,0.10427577172622529,9,5
D05_20,1.6955081942294543,gr.sat,0.20432072118800562,9,100
D05_21,2.0750850165456662,gr.lagsat,0.16126676130455317,10,100
D05_22,1.2759874942243292,gr,0.12379930092729881,33,400
D05_23,1.2299130289165356,gr,0.15580412391837772,9,400
D05_24,1.1390783036856311,gr,0.14229048703888866,10,400
D05_25,1.1802867831223287,gr,0.08805725484459279,33,600
D05_26,1.3529118721100737,gr,0.1689257894105016,9,600
D05_27,1.163176560928757,gr,0.11041894572673777,10,600
D05_28,1.2623834203703035,gr,0.060673396682621644,33,1000
D05_29,0.9951811941718223,gr,0.15653879927601638,9,1000
D05_3,0.6720958953830146,gr,0.107482537566825,10,5
D05_30,1.0787376202560557,gr,0.06204873166104764,10,1000
D05_4,0.7023466250509532,gr,0.1149216315209546,33,10
D05_5,0.739726213945396,gr,0.06321567870448692,9,10
D05_6,1.398221931538088,gr.sat,0.07421419710397718,10,10
D05_7,0.8410397617474484,gr,0.10475695546190286,33,20
D05_8,1.2556532397457945,gr.lagsat,0.031717964636851406,9,20
D05_9,0.8278148538515763,gr,0.1071509185895146,10,20
D06_1,0.6549780221220058,gr,0.11929339115245262,14,5
D06_10,1.0749384084274873,gr,0.10938658391309068,14,40
D06_11,1.132086166216503,gr,0.11088677456453137,31,40
D06_12,0.9795016407108741,gr,0.1997039972791972,5,40
D06_13,1.144401945860443,gr,0.08778380662958775,14,60
D06_14,1.124759892359797,gr,0.1220339138017593,31,60
D06_15,1.0571583666634987,gr,0.1054991940828679,5,60
D06_16,1.481158601851223,gr.sat,0.19269951355275483,14,80
D06_17,1.5003434650167125,gr.sat,0.16489976158169686,31,80
D06_18,1.4058436979209195,gr.sat,0.18564112764111218,5,80
D06_19,1.0035724228416412,gr,0.16775954181061756,14,100
D06_2,0.67245931673658,gr,0.09728116856288165,31,5
D06_20,0.9917548901273667,gr,0.13712689136597564,31,100
D06_21,0.9733431123958693,gr,0.14403302369906304,5,100
D06_22,1.5378677609901983,gr.sat,0.09066953313927259,14,400
D06_23,1.1674129943877345,gr,0.1845970085557739,31,400
D06_24,1.1465987173440884,gr,0.09633026447714817,30,400
D06_25,1.1982431841952408,gr,0.07827351836665462,14,600
D06_26,1.2275768479056148,gr,0.09651552942126866,31,600
D06_27,1.6257087613546095,gr.sat,0.1382424385899633,5,600
D06_28,1.2554647573024793,gr,0.07935394458890042,14,1000
D06_29,1.092477428290617,gr,0.14234632164974148,31,1000
D06_3,0.5620716567156171,gr,0.10097256303043299,5,5
D06_30,1.15346404540383,gr,0.09776246948714468,5,1000
D06_4,1.4071063361610585,gr.lagsat,0.07700382760440826,14,10
D06_5,1.0834767063657884,gr.sat,0.08038928794599888,31,10
D06_6,0.6213359085831284,gr,0.09953599381637963,5,10
D06_7,0.9576996415503859,gr,0.14553291327358173,14,20
D06_8,0.7506062784230317,gr,0.09365051169499362,31,20
D06_9,1.0115255288024507,gr,0.1841852028784997,5,20
D07_1,0.5067399423510405,gr,0.10414588678979182,32,5
D07_10,1.0126455907755278,gr,0.1420244230902169,32,40
D07_11,1.0355509891211596,gr,0.10254306840960523,35,40
D07_12,1.0456037905835127,gr.sat,0.06671913553566447,anc3,40
D07_13,1.0878380867135842,gr,0.08153265241810116,32,60
D07_14,1.7067346353024495,gr.lagsat,0.036213364364786456,35,60
D07_15,1.0355645255431944,gr,0.08830540846513378,anc3,60
D07_16,1.4946630994621812,gr.sat,0.18950509380707714,32,80
D07_17,1.1235467927947191,gr,0.11366033911339814,35,80
D07_18,0.8380900770058722,gr,0.11562249396183281,anc3,80
D07_19,1.8338219550975572,gr.sat,0.21911043605345754,32,100
D07_2,0.8728760786432546,gr.sat,0.06282455463290537,35,5
D07_20,1.478995252155316,gr.sat,0.1790832770715043,35,100
D07_21,1.0338688341947873,gr,0.14173345761417092,anc3,100
D07_22,1.3928972649959113,gr,0.12076440811898399,32,400
D07_23,1.3812124176162541,gr,0.12044747228573129,35,400
D07_24,1.13777267669892,gr,0.12762565726630828,anc3,400
D07_25,1.3209956256976487,gr,0.07334419075627219,32,600
D07_26,1.3919973718451846,gr,0.09313095410921182,35,600
D07_27,1.1550278490058015,gr,0.05191393697157893,anc3,600
D07_28,1.2342062153648574,gr,0.08189100222402675,32,1000
D07_29,1.4727703588927061,gr,0.13734819753444336,35,1000
D07_3,0.5510914317532155,gr,0.09690343038053839,anc3,5
D07_30,1.1479572945470609,gr,0.06613796603745127,anc3,1000
D07_4,1.0139966148734132,gr.sat,0.09821635629734976,32,10
D07_5,1.6858866345665835,gr.lagsat,0.09813107134672971,35,10
D07_6,1.3152732547294708,gr.sat,0.09904158664734411,anc3,10
D07_7,1.3326360287895924,gr.sat,0.0912910210668788,32,20
D07_8,1.1454648364863675,gr.sat,0.03629927958756693,35,20
D07_9,0.8022058649368236,gr,0.13712438886914097,anc3,20
D08_1,0.3936309935856547,gr,0.07248017605835577,32,5
D08_10,0.9848631274105589,gr,0.09510873209605974,32,40
D08_11,1.1687745378872567,gr.sat,0.026579690138803583,35,40
D08_12,0.9889810312311894,gr,0.14675285872188473,20,40
D08_13,1.14963540477077,gr,0.10308789770800826,32,60
D08_14,1.327412418619999,gr,0.10559700740593074,35,60
D08_15,1.1428651420278402,gr,0.10473886458692512,20,60
D08_16,1.5007836460675537,gr.sat,0.17953165057459086,32,80
D08_17,1.4247824445245758,gr.sat,0.12546491366707604,35,80
D08_18,1.2483120091000146,gr.sat,0.12664647061662718,20,80
D08_19,1.6280200776493956,gr.sat,0.18528685273837026,32,100
D08_2,1.0707341845850773,gr.lagsat,0.03205509897446492,35,5
D08_20,1.87730080358005,gr.lagsat,0.07623315029562837,35,100
D08_21,1.6148541894324002,gr.sat,0.20286877104532844,20,100
D08_22,1.7731889271037984,gr.sat,0.1096265778034034,32,400
D08_23,1.5078555491068215,gr.sat,0.08197929772470791,35,400
D08_24,1.0752420956860091,gr,0.08149061155283903,20,400
D08_25,1.2212840830282847,gr,0.06618927609788607,32,600
D08_26,1.3513746110280875,gr,0.09531675829372105,35,600
D08_27,1.3169839774070373,gr.sat,0.05766761553117863,20,600
D08_28,1.2410942386835349,gr,0.08992406456641658,32,1000
D08_29,1.4169096696446668,gr,0.15140002816198989,35,1000
D08_3,0.5343212152668246,gr,0.10087294990747123,20,5
D08_30,1.1922052189733376,gr,0.07166225766678347,20,1000
D08_4,0.5530624652796327,gr,0.11008873330240176,32,10
D08_5,1.1781075561739045,gr.sat,0.09508043909690207,35,10
D08_6,0.970131505477187,gr.sat,0.11964592516397718,20,10
D08_7,0.7599414868775197,gr,0.11354700760102966,32,20
D08_8,1.0413828709593316,gr,0.061268032158952955,35,20
D08_9,0.7993125915458853,gr,0.09238179671406402,20,20
D09_1,0.6160360523835274,gr,0.11781480824214656,14,5
D09_10,1.1558294794751325,gr,0.07141365502753749,14,40
D09_11,0.9911720250509651,gr,0.09806614163281827,31,40
D09_12,1.4045486590926217,gr.sat,0.12296567455672504,3,40
D09_13,1.2720303072334023,gr,0.0819735940447823,14,60
D09_14,1.0441005486256887,gr,0.10639174231331644,31,60
D09_15,1.0595145573870872,gr,0.11718332799054942,3,60
D09_16,1.6092017321473138,gr.sat,0.222626079728935,14,80
D09_17,1.7343627963035575,gr.sat,0.23304225271380363,31,80
D09_18,1.4132145574489834,gr.sat,0.14156364940921395,3,80
D09_19,1.7495922231436776,gr.sat,0.1924037742321918,14,100
D09_2,1.053611202139718,gr.sat,0.08021599195908971,31,5
D09_20,1.5877448257170412,gr.sat,0.1213694898081031,31,100
D09_21,1.489176649363605,gr.sat,0.1465673272894026,3,100
D09_22,2.3807029827993422,gr.lagsat,0.1976757715402728,14,400
D09_23,1.931921487700246,gr.sat,0.23284255579353547,31,400
D09_24,1.083453919281229,gr,0.09008873490172896,3,400
D09_25,1.2184450051621494,gr,0.08125066014633942,14,600
D09_26,1.2501646929906198,gr,0.10937450179222369,31,600
D09_27,1.0880558381622258,gr,0.06902857744688605,3,600
D09_28,1.3014139209054718,gr,0.07438937965835381,14,1000
D09_29,1.118350714904387,gr,0.1590904515264068,31,1000
D09_3,0.8550055613083966,gr.sat,0.09634402842141719,3,5
D09_30,1.1980348759032617,gr,0.07377697218624468,3,1000
D09_4,0.8099867850086291,gr,0.0699628790720037,14,10
D09_5,0.780437618143254,gr,0.12519528714470773,31,10
D09_6,1.1837171279573087,gr.sat,0.1934490645656734,3,10
D09_7,0.8830303735578505,gr,0.08465976219220978,14,20
D09_8,0.8460446674239923,gr,0.11365710698586712,31,20
D09_9,1.2786282231471597,gr.sat,0.12904646861980382,3,20
D10_1,1.7285038245321536,gr.lagsat,0.2673239946212237,19,5
D10_10,1.156227055272018,gr,0.12867300994539344,19,40
D10_11,1.0636525806230797,gr,0.1270336264141347,4,40
D10_12,1.219207307691979,gr,0.16191924210343664,7,40
D10_13,1.5461868465201418,gr,0.13493196730304094,19,60
D10_14,1.0653495081180837,gr,0.12877702052917844,4,60
D10_15,1.0981447501258443,gr,0.08176215805996687,7,60
D10_16,2.6842887790246293,gr.lagsat,0.17211782102551978,19,80
D10_17,1.7590880200416266,gr.sat,0.21873097429812569,4,80
D10_18,1.3012033700354424,gr.sat,0.05363809253775148,7,80
D10_19,1.1252393286737934,gr,0.1880448626618955,19,100
D10_2,0.5500777847450026,gr,0.05934252746511379,4,5
D10_20,1.6342434998440984,gr.sat,0.1736740425503819,4,100
D10_21,1.5393587114386966,gr.sat,0.17914917347307674,7,100
D10_22,1.2965796069606639,gr,0.1743121747281996,19,400
D10_23,2.0335043345007002,gr.sat,0.2190235888763244,4,400
D10_24,1.1373726791337493,gr,0.07287561640183149,7,400
D10_25,1.3378579351754127,gr,0.08323344969438637,19,600
D10_26,1.238867550948226,gr,0.12767158065967246,4,600
D10_27,1.3595412822734456,gr.sat,0.09190062506343719,7,600
D10_28,1.2639672482695354,gr,0.059682220885369626,19,1000
D10_29,1.2355255036193173,gr,0.11833142743097863,4,1000
D10_3,0.706048248398282,gr,0.14238798596633437,7,5
D10_30,1.0743648451075545,gr,0.06287085334679483,7,1000
D10_4,0.6668492790903532,gr,0.061560437242264295,19,10
D10_5,0.7085668644079326,gr,0.06881266760335453,4,10
D10_6,1.1972849392937697,gr.lagsat,0.04021432917348578,7,10
D10_7,1.0295494407486652,gr,0.11858858443896304,19,20
D10_8,1.0955628648525941,gr.sat,0.053943728009236955,4,20
D10_9,0.9649309879634972,gr,0.13227035972624682,7,20
D11_1,0.9234050605224468,gr.sat,0.12073670299023893,11,5
D11_10,1.4256095423660755,gr.sat,0.09133339542449113,11,40
D11_11,0.8977498119263954,gr,0.12095916939915463,27,40
D11_12,1.0327132516138622,gr,0.1087305618495435,10,40
D11_13,1.45236733082893,gr.sat,0.07743087891263797,11,60
D11_14,1.1187507966300487,gr,0.13465070553069067,27,60
D11_15,1.265625469711071,gr,0.1389048419145793,10,60
D11_16,1.864976142177393,gr.sat,0.12377994923996513,11,80
D11_17,1.7709647605791554,gr.sat,0.222127062536029,27,80
D11_18,1.8736180840636059,gr.sat,0.12092217339734924,10,80
D11_19,1.62572503546906,gr.sat,0.22298693428155295,anc5,100
D11_2,0.8323824023499282,gr,0.0574848805659138,27,5
D11_20,1.145972708401433,gr,0.17823807766000693,27,100
D11_21,0.9473857426345833,gr,0.22100013153861578,10,100
D11_22,1.745040360788355,gr.sat,0.24522969143228096,11,400
D11_23,1.85075980724089,gr.sat,0.2675255088967956,27,400
D11_24,1.1227322451101895,gr,0.08711993163247489,10,400
D11_25,1.0774340841431091,gr,0.0892824151792294,11,600
D11_26,1.2047956881599566,gr,0.09654810203004087,27,600
D11_27,1.3471222690184619,gr.sat,0.08142481656937935,10,600
D11_28,1.3440447217836031,gr.sat,0.08056169633647994,11,1000
D11_29,1.3406182498889572,gr,0.1514269712698989,27,1000
D11_3,0.612470213870235,gr,0.07349289569308558,10,5
D11_30,1.114436282363262,gr,0.09670381813975865,10,1000
D11_4,1.0021778596182007,gr.sat,0.11516158705719275,11,10
D11_5,0.7129454765290935,gr,0.18703659469205397,27,10
D11_6,0.8794567546143393,gr.sat,0.10872137699494477,10,10
D11_7,1.4344735896747545,gr.sat,0.1536319373024486,11,20
D11_8,0.9836289041073064,gr,0.11263870970265025,27,20
D11_9,0.7407876297302328,gr,0.09909873590320459,10,20
E02_1,0.7331199478722833,gr,0.10816558891069346,1,5
E02_10,1.2209210429408976,gr.sat,0.049611889556691116,1,40
E02_11,0.9270559590657078,gr,0.09353300131516444,26,40
E02_12,0.9024547542356521,gr,0.09657220640660501,anc4,40
E02_13,1.19386730126515,gr,0.09787138922095996,1,60
E02_14,1.0315730543297967,gr,0.12939704147808845,26,60
E02_15,1.119408366879976,gr,0.10683778585520921,anc4,60
E02_16,1.728956925415676,gr.sat,0.20062097649312796,1,80
E02_17,1.7143844745152865,gr.sat,0.18693619502302036,26,80
E02_18,1.378921725614879,gr.sat,0.09201160529006965,anc4,80
E02_19,1.1612216945609872,gr,0.14648492159726587,1,100
E02_2,0.8795837935076126,gr.sat,0.059515536436165715,26,5
E02_20,1.0073424066532872,gr,0.17211532074544733,26,100
E02_21,1.732603666769296,gr.sat,0.15456012244290335,anc4,100
E02_22,1.2079412813678891,gr,0.11370225421630022,1,400
E02_23,1.849365438834326,gr.sat,0.17066508964113705,26,400
E02_24,1.5637748772345033,gr.sat,0.16096085704977464,anc4,400
E02_25,1.3606251013308692,gr,0.14258675293531503,1,600
E02_26,3.0914008818167433,gr.lagsat,0.23290178548139803,26,600
E02_27,1.894786314486735,gr.sat,0.1970571447498652,anc4,600
E02_28,1.3136255126688985,gr,0.0773220827362756,1,1000
E02_29,1.3066831338247367,gr,0.15978094169568816,26,1000
E02_3,0.8856079217460889,gr.sat,0.07580863408661657,anc4,5
E02_30,1.5301188132205852,gr.sat,0.09400312081225867,anc4,1000
E02_4,0.8905324369467373,gr.sat,0.06069497638092308,1,10
E02_5,1.242318781179459,gr.lagsat,0.0599597528073112,26,10
E02_6,1.1901673498375922,gr.sat,0.06817466932324058,anc4,10
E02_7,0.8899077412793108,gr,0.07604736041185196,1,20
E02_8,1.1845212213454455,gr.sat,0.07974200490399842,26,20
E02_9,0.7727259073044651,gr,0.10445926824632096,anc4,20
E03_1,0.6385846117526232,gr,0.11176037010486979,25,5
E03_10,1.063198913322071,gr,0.09668873780443743,25,40
E03_11,1.0445094426098,gr,0.10207724281557148,28,40
E03_12,1.1915611075913097,gr,0.12425471060550528,30,40
E03_13,1.1282392997159987,gr,0.11232175424718481,25,60
E03_14,1.2008380959800629,gr,0.17449224625798046,28,60
E03_15,1.3190398545273658,gr,0.1394828928017565,30,60
E03_16,1.8383535532252284,gr.sat,0.2587007877282147,25,80
E03_17,1.8053299573512271,gr.sat,0.0915124298273239,28,80
E03_18,1.4534032655830758,gr.sat,0.06880404110606524,30,80
E03_19,1.6501452226359294,gr.sat,0.2186727036850729,25,100
E03_2,0.6099374465156919,gr,0.05913783986918106,28,5
E03_20,1.2535019353047734,gr,0.1309196118042821,28,100
E03_21,1.7515270052338467,gr.sat,0.16399663454038876,30,100
E03_22,1.1846646070675513,gr,0.1359435796632699,25,400
E03_23,1.508714228555523,gr,0.1443597497191218,28,400
E03_24,1.31902295046222,gr,0.1518438211330483,5,400
E03_25,1.2929158055572894,gr,0.10861028220401504,25,600
E03_26,1.3733869477908078,gr,0.14427616073155708,28,600
E03_27,1.1964018131320417,gr,0.06159923011845656,30,600
E03_28,1.3110441481533675,gr,0.0537411321878519,25,1000
E03_29,1.434022056745023,gr,0.1519919611108694,28,1000
E03_3,0.74438493011174,gr,0.18116529187826788,30,5
E03_30,1.2748474070899547,gr,0.06219370678616634,30,1000
E03_4,1.1103447541399052,gr.sat,0.10299084968054026,25,10
E03_5,1.102313389311941,gr.sat,0.15439162064753992,28,10
E03_6,1.2707387705089486,gr.sat,0.12721243950667485,30,10
E03_7,1.2654339329257627,gr.sat,0.15434437630349562,25,20
E03_8,0.9743473422692511,gr,0.11560938210010381,28,20
E03_9,0.962672739652467,gr,0.12595274198543874,30,20
E04_11,1.316594141411106,gr.sat,0.07651240275369138,2,40
E04_12,0.8822733665346262,gr,0.10374175915764267,16,40
E04_14,1.3548490906163015,gr,0.13664571771876236,2,60
E04_15,1.1075722460398278,gr,0.12274534000703521,16,60
E04_17,1.666490084284476,gr.sat,0.15270585344235432,2,80
E04_18,1.223634286343138,gr.sat,0.09614737077487902,16,80
E04_2,0.6011094302186634,gr,0.07786824865977617,2,5
E04_20,1.6701798348594732,gr.sat,0.1975025366296272,2,100
E04_21,1.76526875138946,gr.sat,0.21826697548061488,16,100
E04_23,1.8822250155074862,gr.sat,0.19141557691779312,2,400
E04_24,1.6181983069204027,gr.sat,0.18053277660879133,16,400
E04_26,1.9085246369008313,gr.sat,0.2927701542405661,2,600
E04_27,1.1412304894237328,gr,0.12345023518637017,16,600
E04_29,1.168444110978959,gr,0.1581057741922295,2,1000
E04_3,0.5441105847316514,gr,0.10034057972405423,16,5
E04_30,1.2238796996239947,gr,0.0919324504150505,16,1000
E04_5,0.6711124253400385,gr,0.10969345238732586,2,10
E04_6,1.2183588664302605,gr.sat,0.06526574871981633,16,10
E04_8,0.8297163976280285,gr,0.11352211283480564,2,20
E04_9,1.5762646377101799,gr.lagsat,0.10326194693989713,16,20
E05_1,0.7770958202603206,gr.sat,0.02459868802460482,23,5
E05_10,1.0719446778563184,gr,0.12161317317768268,23,40
E05_11,1.4676289564929768,gr.sat,0.0940166264505739,anc2,40
E05_12,1.2854900164774685,gr.sat,0.16435770916399634,cc1690,40
E05_13,1.1997649560142902,gr,0.11005411671836787,23,60
E05_14,1.1108748611441532,gr,0.10956952318088486,anc2,60
E05_15,1.2601499448230802,gr,0.14398138694993584,cc1690,60
E05_16,2.3130023451936848,gr.lagsat,0.08710664921872409,23,80
E05_17,1.7905274301787246,gr.sat,0.19956383504967487,anc2,80
E05_18,1.2881671476577115,gr.sat,0.13415713337465895,cc1690,80
E05_19,1.7650502129584154,gr.sat,0.2420491159765409,23,100
E05_2,0.8270078318388386,gr.sat,0.06573579620268513,anc2,5
E05_20,1.7671009532228317,gr.sat,0.17311373868738816,anc2,100
E05_21,2.095055142305505,gr.lagsat,0.04845423304330673,cc1690,100
E05_22,1.1624151154919058,gr,0.12440131307462285,23,400
E05_23,1.2169225877774088,gr,0.13570750435044057,anc2,400
E05_24,1.125118814873444,gr,0.13608918389358382,cc1690,400
E05_25,1.1500079048967315,gr,0.11709305949597225,23,600
E05_26,1.4698866387011882,gr.sat,0.06242036980292499,anc2,600
E05_27,1.169568700463601,gr,0.09655998669042305,cc1690,600
E05_28,1.242588776903696,gr,0.0931451508915146,23,1000
E05_29,1.200807979492694,gr,0.1645702191715065,anc2,1000
E05_3,0.7659128810251733,gr.sat,0.06670217201747179,cc1690,5
E05_30,1.035355060691212,gr,0.11883940006517703,cc1690,1000
E05_4,1.0659013359403249,gr.sat,0.14552557485120288,23,10
E05_5,0.7482163274347037,gr.sat,0.07168174668843164,anc2,10
E05_6,0.9795215643836629,gr.sat,0.17035660330845429,cc1690,10
E05_7,1.3560965031964285,gr.sat,0.0952451526507527,23,20
E05_8,1.290587760524433,gr.sat,0.14096343407095335,anc2,20
E05_9,1.1158251051931525,gr.sat,0.10994328811835952,cc1690,20
E06_1,0.7170337837222938,gr,0.11440045202112432,24,5
E06_10,1.3396880737216768,gr.lag,0.05693218773105348,24,40
E06_11,1.1557345509653683,gr.sat,0.05362329548775428,18,40
E06_12,1.082830681135799,gr,0.07723475843782726,29,40
E06_13,1.56403438710019,gr.lag,0.11645284662937545,24,60
E06_14,0.9485533003276712,gr,0.0934212561553937,18,60
E06_15,1.55192035561426,gr.sat,0.13325174244613097,29,60
E06_16,1.587289932284253,gr,0.22343258903999139,24,80
E06_17,1.7028804750368742,gr.sat,0.20393323021928766,18,80
E06_18,1.4627479760646724,gr.sat,0.15275558094642797,29,80
E06_19,1.2261050224272252,gr,0.19158702622407106,24,100
E06_2,0.9821130236257619,gr.sat,0.062346987951481435,18,5
E06_20,2.5400720269482386,gr.lagsat,0.16951916705151324,18,100
E06_21,1.6281215769820974,gr.sat,0.22448799607202008,29,100
E06_22,1.4235867969840006,gr,0.1306802842873154,24,400
E06_23,1.2993613714825567,gr,0.13837181183148436,18,400
E06_24,1.5197453105949885,gr.sat,0.07743939523070216,29,400
E06_25,1.2986077518080172,gr,0.07285980783862853,24,600
E06_26,1.2121005571657144,gr,0.13149566036214486,18,600
E06_27,1.283000474196391,gr,0.06287220953620778,29,600
E06_28,1.3909356005917988,gr,0.08404840521295208,24,1000
E06_29,1.1566791448159233,gr,0.14385636197760215,18,1000
E06_3,1.1235655668948485,gr.sat,0.0975870258321008,29,5
E06_30,1.2638150437918754,gr,0.07945375960826424,29,1000
E06_4,0.8494793321935339,gr,0.09066949854687545,24,10
E06_5,0.6413406343226842,gr,0.10488610283024317,18,10
E06_6,0.9960539486139331,gr.sat,0.0602516855233261,29,10
E06_7,1.4189096777611714,gr.lag,0.18683999399367862,24,20
E06_8,0.7354511590297439,gr,0.10683237177868841,18,20
E06_9,1.3327393588539969,gr.sat,0.12209729599945196,29,20
E07_1,0.916222597712957,gr.sat,0.11841052497137239,anc5,5
E07_10,1.0360417896021963,gr,0.08562886742693385,anc5,40
E07_11,1.4455556141135617,gr.sat,0.10341105148214019,17,40
E07_12,1.2369628642388886,gr.sat,0.16071994155171263,15,40
E07_13,1.2183037507268202,gr,0.11600050780237077,anc5,60
E07_14,1.5382172719693508,gr.sat,0.0920924588016346,17,60
E07_15,0.9784148970903883,gr,0.15129281879454945,15,60
E07_16,1.5114589089113655,gr.sat,0.165136476576481,anc5,80
E07_17,1.6814506952947719,gr.sat,0.10987342566758618,17,80
E07_18,1.8515037033915793,gr.lagsat,0.06827960108524164,15,80
E07_19,1.6666215931341117,gr.sat,0.24158105242183842,11,100
E07_2,0.9089915411985549,gr.sat,0.09861235671709141,17,5
E07_20,1.3889558131754514,gr.sat,0.08295014286822143,17,100
E07_21,2.5187809855506633,gr.lagsat,0.14453941675798015,15,100
E07_22,1.4221687653002382,gr.sat,0.05699771752492178,anc5,400
E07_23,1.8116692835878885,gr.sat,0.1207923174477537,17,400
E07_24,1.2141888201130602,gr,0.14985132524332884,15,400
E07_25,1.2530212869388866,gr,0.08146380381733742,anc5,600
E07_26,1.3907955984649494,gr,0.07592417977851826,17,600
E07_27,1.2347727342390271,gr,0.1038089537413873,15,600
E07_28,1.1654845480133562,gr,0.10758290180790599,anc5,1000
E07_29,1.4407587387101977,gr,0.12248809213967465,17,1000
E07_3,0.35904599988971153,gr,0.06249171669420751,15,5
E07_30,1.2615807499581626,gr,0.08226478116851187,15,1000
E07_4,0.6609071122971102,gr,0.0895221770045271,anc5,10
E07_5,0.982367567809742,gr.sat,0.07341039477144265,17,10
E07_6,1.0179187180666747,gr.sat,0.07017422114129356,15,10
E07_7,1.0390422196579623,gr.sat,0.0407554275010103,anc5,20
E07_8,0.9279388484024111,gr,0.10228433757633132,17,20
E07_9,0.9317051032121515,gr.sat,0.16456649016515323,15,20
E08_1,0.4790582331620863,gr,0.09154362868276643,33,5
E08_10,0.9540018429793359,gr,0.11638634899891134,33,40
E08_11,1.0452830690933825,gr,0.09047787738125068,9,40
E08_12,1.377504010347936,gr.sat,0.06958927552868428,30,40
E08_13,1.1919965573972415,gr,0.10920941510908995,33,60
E08_14,1.16091575489301,gr,0.16253245414594433,9,60
E08_15,1.1670556197511364,gr,0.11247715126948259,30,60
E08_16,2.770453071602639,gr.lagsat,0.14839237538255906,33,80
E08_17,1.5999151330701906,gr.sat,0.24297681055671383,9,80
E08_18,1.5312137520010036,gr.sat,0.15566799691739389,30,80
E08_19,0.9324394022343211,gr,0.19342014111265807,33,100
E08_2,0.6531323882151755,gr,0.09258435765764945,9,5
E08_20,1.686638351390438,gr.sat,0.23319547172067095,9,100
E08_21,1.1234592677226656,gr,0.15040653440814095,30,100
E08_22,1.5902169569727302,gr.sat,0.09998227286101949,33,400
E08_23,1.7309099185440613,gr.sat,0.16323193744239708,9,400
E08_24,1.250998729100724,gr,0.14906277817482863,5,400
E08_25,1.228912297745808,gr,0.10184577040505853,33,600
E08_26,1.0783807128446707,gr,0.10433626141223402,9,600
E08_27,1.1679180832458158,gr,0.07754972810460564,30,600
E08_28,1.2591562810576882,gr,0.08472213515812359,33,1000
E08_29,1.3723541835938156,gr,0.18544088409444498,9,1000
E08_3,0.59409966838962,gr,0.14148123483012015,30,5
E08_30,1.2452376878852993,gr,0.06547122097359036,30,1000
E08_4,0.7440388558901309,gr,0.10363984838394459,33,10
E08_5,0.8621358159193655,gr,0.08447739597782279,9,10
E08_6,1.1578481245845822,gr.sat,0.10312804232216169,30,10
E08_7,0.8365076457951348,gr,0.10834689152650241,33,20
E08_8,1.035732171252843,gr.sat,0.08636618426850506,9,20
E08_9,1.2065277646059223,gr.sat,0.09396997595799317,30,20
E09_1,0.9157532744958984,gr.sat,0.05863659851809179,6,5
E09_10,1.114067826800747,gr,0.07376318046923278,6,40
E09_11,1.3362524716660014,gr,0.08443763348533317,21,40
E09_12,1.0082310850936216,gr,0.0931973132531641,20,40
E09_13,1.2957298886895494,gr,0.11139227791077316,6,60
E09_14,1.4277696709145131,gr,0.068184366017903425,21,60
E09_15,1.0480134483398045,gr,0.094400495241986,20,60
E09_16,1.6551939641501374,gr.sat,0.1616224847923856,6,80
E09_17,1.6842423044064967,gr.sat,0.1329687422914149,21,80
E09_18,1.3854179173169172,gr.sat,0.11123402045840121,20,80
E09_19,1.3696855988280774,gr.sat,0.13755331344439917,6,100
E09_2,1.1440647018409704,gr.sat,0.06443478007152,21,5
E09_20,1.4662914741629725,gr.sat,0.04147155771603078,21,100
E09_21,1.5708962148141328,gr.sat,0.13434894430908184,20,100
E09_22,1.6065147727839117,gr.sat,0.11476111001031236,6,400
E09_23,1.6755895134944394,gr.sat,0.06529581464886568,21,400
E09_24,1.2167847442744646,gr,0.13394096468213582,20,400
E09_25,1.3184918297309625,gr,0.05929374065396664,6,600
E09_26,1.6109757814882546,gr.sat,0.041366245353046366,21,600
E09_27,1.4149684731156942,gr.sat,0.07293021116875986,20,600
E09_28,1.4182697908926951,gr.sat,0.03981305255824739,6,1000
E09_29,1.3615361728981086,gr,0.1329801743544639,21,1000
E09_3,0.5078615089080496,gr,0.11141162691932152,20,5
E09_30,1.1366912802800944,gr,0.09552549581655087,20,1000
E09_4,0.7958775707237504,gr,0.062986151199713,6,10
E09_5,0.8962148827643612,gr,0.07483766570604249,21,10
E09_6,0.9916637973801684,gr.sat,0.15473700327909062,20,10
E09_7,0.9340645804651998,gr,0.07659300425487406,6,20
E09_8,1.1476553746025802,gr,0.13411499899328191,21,20
E09_9,0.6919250209733936,gr,0.10992227281119087,20,20
E10_1,0.9512145157352103,gr,0.12240305684398108,8,5
E10_10,1.179467847668264,gr,0.09050668358270623,8,40
E10_11,1.2240156992792024,gr.sat,0.08665246887847664,22,40
E10_12,1.0693342993317991,gr,0.09535409497531785,5,40
E10_13,1.4260925531421973,gr.lag,0.055007348258027895,8,60
E10_14,1.5698451536639944,gr.lagsat,0.062257237975181325,22,60
E10_15,1.4762953128536795,gr.lag,0.12546401730302978,5,60
E10_16,1.4317654461807565,gr.sat,0.08026333074610811,8,80
E10_17,1.5270148513365818,gr.sat,0.17027576468220582,22,80
E10_18,1.3514902919283942,gr.sat,0.16481334557379332,5,80
E10_19,1.5324913287616888,gr.sat,0.09224247746022506,8,100
E10_2,0.5566560897579969,gr,0.08859273055515333,22,5
E10_20,1.0622588550380758,gr,0.16276681386073985,22,100
E10_21,1.1040016293396664,gr,0.15050284270038583,5,100
E10_22,1.4702011884406634,gr.sat,0.06584406745648426,8,400
E10_23,1.8355569024651217,gr.sat,0.15916150163935872,22,400
E10_24,1.1724381436329225,gr,0.09899915509334815,30,400
E10_25,1.2449075365369322,gr.sat,0.07006818564772248,8,600
E10_26,1.2245668758812887,gr,0.1275605329376507,22,600
E10_27,1.2658738671725072,gr,0.13816330809795105,5,600
E10_28,1.4552705422452221,gr.sat,0.0757142966760411,8,1000
E10_29,1.5585666917002006,gr.sat,0.12940069767431384,22,1000
E10_3,0.7450225236025008,gr,0.12202815982145747,5,5
E10_30,1.2239899709491966,gr,0.08715706978779136,5,1000
E10_4,1.0180643163646195,gr,0.07123631793452279,8,10
E10_5,1.0863868343491028,gr.sat,0.06567173157388694,22,10
E10_6,0.8189918216142875,gr,0.10406970548768235,5,10
E10_7,1.2599367796212253,gr,0.11077632687811509,8,20
E10_8,0.7866221560064508,gr,0.08331742264709635,22,20
E10_9,0.8789796667572127,gr,0.12433675595287859,5,20
E11_1,0.7081511403353179,gr,0.15735710270199024,24,5
E11_10,1.4877065939800806,gr.lag,0.19859076944635234,24,40
E11_11,1.206104820904146,gr.sat,0.080273994472909,18,40
E11_12,1.003935131340557,gr,0.09297218359177263,16,40
E11_13,1.2229029815415005,gr,0.12949327993837964,24,60
E11_14,1.5081564337630133,gr.sat,0.12724230742455467,18,60
E11_15,1.1847636892562066,gr,0.11903293112756236,16,60
E11_16,1.6471591029334096,gr,0.24336822837918123,24,80
E11_17,2.1887977456682512,gr.lagsat,0.11860738793605408,18,80
E11_18,1.3995076492570904,gr.sat,0.11830900318783405,16,80
E11_19,1.637730734457029,gr.sat,0.2148413723771257,24,100
E11_2,0.6775595304050336,gr,0.12885023967815004,18,5
E11_20,1.0549885534662449,gr,0.1801785315572589,18,100
E11_21,1.8118864845646365,gr.sat,0.3303850187674939,16,100
E11_22,2.6828311853428453,gr.lagsat,0.1826726893602377,24,400
E11_23,1.6619501647313346,gr.sat,0.17948422427629546,18,400
E11_24,1.0451049429281367,gr,0.12806013169404676,16,400
E11_25,1.395701635507131,gr,0.11629675838246403,24,600
E11_26,1.5104994489326131,gr.sat,0.1308214062645932,18,600
E11_27,1.007260922433643,gr,0.09660341677927639,16,600
E11_28,1.5905989393062132,gr.sat,0.08066078481510487,24,1000
E11_29,1.1060274907123193,gr,0.11027754373000642,18,1000
E11_3,0.9268119376555317,gr.sat,0.13641724392861268,16,5
E11_30,1.1025792679910333,gr,0.10877359341997536,16,1000
E11_4,0.8521767412958925,gr,0.11322529058083924,24,10
E11_5,1.349017369798845,gr.sat,0.07127061396556311,18,10
E11_6,0.6509671712694348,gr,0.1050188938732175,16,10
E11_7,1.1659476929826265,gr.lag,0.18045345536586482,24,20
E11_8,0.7614621732690839,gr,0.08049227988972389,18,20
E11_9,0.6497855475312827,gr,0.1455196199750939,16,20
F02_1,0.6562768273753803,gr,0.0896917025971421,25,5
F02_10,1.5098531057609292,gr.sat,0.08683807493351425,25,40
F02_11,1.4157864846658166,gr.sat,0.15012700031308981,28,40
F02_12,0.7878375416895727,gr,0.13255882997789487,15,40
F02_13,1.4568305373676305,gr.sat,0.07249964105300721,25,60
F02_14,1.333150225279136,gr,0.13882724202015237,28,60
F02_15,1.845777084375464,gr.lagsat,0.11590240633475829,15,60
F02_16,2.4798873731154867,gr.lagsat,0.11921581260818151,25,80
F02_17,1.420379971094881,gr.sat,0.12907244064239712,28,80
F02_18,0.9923279877303743,gr,0.12931501824216782,15,80
F02_19,1.0012233281327505,gr,0.17476648853946494,25,100
F02_2,0.6768937935815313,gr,0.029866149906277114,28,5
F02_20,1.1382988780441763,gr,0.1582341589725967,28,100
F02_21,1.3968837460336083,gr.sat,0.1047242879447486,15,100
F02_22,1.1745425944030055,gr,0.1376253637202254,25,400
F02_23,1.5001534444671234,gr,0.1585300578668725,28,400
F02_24,1.3020107067531643,gr,0.12710338651937053,15,400
F02_25,1.2095193692727984,gr,0.11469942636669969,25,600
F02_26,1.3962360812943873,gr,0.11994850443301672,28,600
F02_27,1.210762612801867,gr,0.09445581330172222,15,600
F02_28,1.3126632722486045,gr,0.08455982404294851,25,1000
F02_29,1.4160815163712128,gr,0.1847037252390531,28,1000
F02_3,0.4103853414789543,gr,0.05551489981645542,15,5
F02_30,1.5201502504349873,gr.sat,0.08569494926575842,15,1000
F02_4,0.7506611788164049,gr,0.13446672150465835,25,10
F02_5,1.0648696717836643,gr.sat,0.14906972002479155,28,10
F02_6,0.9180623986696207,gr.sat,0.1702669714925104,15,10
F02_7,1.178601654945227,gr.sat,0.12585357697018423,25,20
F02_8,0.9174946734630262,gr,0.08921970790164803,28,20
F02_9,0.6250523766302296,gr,0.10077362601454039,15,20
F03_1,1.1939386770429063,gr.lagsat,0.04493152591436877,19,5
F03_10,1.0242605017067028,gr,0.14476436930959352,19,40
F03_11,1.0913743090887067,gr,0.12613364778356406,4,40
F03_12,1.1647959132716186,gr,0.13332822255096174,7,40
F03_13,1.1354592114087985,gr,0.1066250860210581,19,60
F03_14,1.1501509209234553,gr,0.1372796601810415,4,60
F03_15,1.2311038011733941,gr,0.11974940592956558,7,60
F03_16,1.1767239841251649,gr,0.19973837032829814,19,80
F03_17,1.7452693845724112,gr.sat,0.1751995070751339,4,80
F03_18,1.2558086199973726,gr.sat,0.12426795509314406,7,80
F03_19,1.1083072918855281,gr,0.16676422048572373,19,100
F03_2,0.66248860680255,gr,0.06380353003390249,4,5
F03_20,1.9174845302001893,gr.sat,0.21767361771464513,4,100
F03_21,1.5438844269530865,gr.sat,0.1285560642389381,7,100
F03_22,1.2752772951739013,gr,0.1251604711279859,19,400
F03_23,1.317673151867169,gr,0.15230556141663096,4,400
F03_24,1.5998874029648353,gr.sat,0.12598614912316813,7,400
F03_25,1.1188731641537617,gr,0.06027751393122561,19,600
F03_26,2.047884751005901,gr.sat,0.3072032494664471,4,600
F03_27,1.4089449009500894,gr.sat,0.06633988984492753,7,600
F03_28,1.31206262313816,gr,0.09411979382450933,19,1000
F03_29,1.2864538694387322,gr,0.14198191656818815,4,1000
F03_3,0.7162074144255655,gr,0.08077017279517536,7,5
F03_30,1.2132976913215232,gr,0.06544681682046745,7,1000
F03_4,0.7129295306111859,gr,0.09781287357385395,19,10
F03_5,0.7828544003645511,gr,0.09376542195600307,4,10
F03_6,0.8538584863893327,gr,0.1428043089826944,7,10
F03_7,1.0172422662422513,gr,0.09145370036760447,19,20
F03_8,0.8702362082430392,gr,0.0982448630911666,4,20
F03_9,1.3362551543194368,gr.sat,0.08165801807069122,7,20
F04_1,1.1381544826781016,gr.sat,0.16513789710725094,6,5
F04_10,1.140439322232535,gr,0.11469494072795129,6,40
F04_11,1.3537783575263775,gr,0.09059237114996649,21,40
F04_12,1.1524558482234522,gr,0.14709206099010477,29,40
F04_13,1.3432821542461726,gr,0.10173887531138973,6,60
F04_14,1.4297982772579592,gr,0.09442845675416867,21,60
F04_15,1.0588614138756474,gr,0.1473417502488619,29,60
F04_16,1.0438597841487598,gr,0.12248061189831316,6,80
F04_17,1.5969186118062029,gr.sat,0.09298056169353686,21,80
F04_18,1.3934988018902272,gr.sat,0.14337811475348358,29,80
F04_19,0.8897549418105514,gr,0.10990050105627269,6,100
F04_2,1.2272667669586443,gr.sat,0.09903207952148796,21,5
F04_20,1.589980505752721,gr.sat,0.053260529541737864,21,100
F04_21,1.3371922795542057,gr.sat,0.07821196318619496,29,100
F04_22,1.2395764589185283,gr,0.09044604566389876,6,400
F04_23,1.6932840488382666,gr.sat,0.07163481908464156,21,400
F04_24,1.4484028920939658,gr.sat,0.059289997703688674,29,400
F04_25,1.193373655978517,gr,0.029162564118526718,6,600
F04_26,1.7179112555379208,gr.sat,0.05901756390518612,21,600
F04_27,1.1734385656122073,gr,0.030766855031503112,29,600
F04_28,1.1800350574132306,gr,0.037951749045903094,6,1000
F04_29,1.4899709123197904,gr,0.11820042510257454,21,1000
F04_3,0.9037760770366394,gr.sat,0.17449812496894201,29,5
F04_30,1.1957993980297092,gr,0.045573474439201865,29,1000
F04_4,1.0795944675717737,gr.sat,0.03648604336735424,6,10
F04_5,1.0211096255848013,gr,0.06859737542375069,21,10
F04_6,0.7796262727928347,gr,0.09464529960594231,29,10
F04_7,0.9488328734171391,gr,0.07569792626355486,6,20
F04_8,1.1862978529823556,gr,0.0871190028533967,21,20
F04_9,1.3648628219714054,gr.sat,0.14667931146095406,29,20
F05_1,0.6232359642463272,gr,0.11065401345944874,anc5,5
F05_10,1.009826780405007,gr,0.11277489642640967,anc5,40
F05_11,1.6556975566992873,gr.sat,0.10031859218892245,17,40
F05_12,1.6823632227378928,gr.lagsat,0.10210029923067848,anc3,40
F05_13,1.2291925079962809,gr,0.09484671301744442,anc5,60
F05_14,1.683404923690674,gr.sat,0.13805810980776353,17,60
F05_15,1.4106500774059685,gr.sat,0.09493674706473577,anc3,60
F05_16,1.8174039081463726,gr.sat,0.12931274518927405,anc5,80
F05_17,1.6428619829241085,gr.sat,0.07230502656886767,17,80
F05_18,1.3426271828345673,gr.sat,0.15146019065239588,anc3,80
F05_19,0.9155770392458623,gr,0.12660934368771704,11,100
F05_2,0.9388452138597374,gr.sat,0.08859465914446155,17,5
F05_20,1.6958637543098554,gr.sat,0.15778203031059507,17,100
F05_21,1.291684690125786,gr.sat,0.11558721347231164,anc3,100
F05_22,1.1661028919056888,gr,0.1277953305541329,anc5,400
F05_23,1.7100275926304462,gr.sat,0.08516575374896945,17,400
F05_24,1.17098750262605,gr,0.10701908096509542,anc3,400
F05_25,1.1365364069846293,gr,0.08426007666886723,anc5,600
F05_26,1.4049717378178526,gr,0.07818869671249004,17,600
F05_27,1.2110774636565012,gr,0.044829798172160054,anc3,600
F05_28,1.139448880146843,gr,0.09523518371958961,anc5,1000
F05_29,1.460829793290078,gr,0.1024946557964751,17,1000
F05_3,0.4801989309952582,gr,0.10069362996290407,anc3,5
F05_30,1.2050933125330467,gr,0.06293943254433476,anc3,1000
F05_4,0.7705354230639665,gr,0.10589502144345705,anc5,10
F05_5,1.1725258781446766,gr.sat,0.1118252289463429,17,10
F05_6,1.1894782652727902,gr.sat,0.11165743418946375,anc3,10
F05_7,0.9022637254663066,gr,0.09520099164244278,anc5,20
F05_8,1.6013000573581748,gr.sat,0.06789100254055477,17,20
F05_9,0.7797977141136174,gr,0.11671853713265508,anc3,20
F06_1,0.9573247709793657,gr,0.08030004538603426,8,5
F06_10,1.4291039072299054,gr.lag,0.08311186960641438,8,40
F06_11,1.3782880105551303,gr.sat,0.10659387144062869,22,40
F06_12,1.0452050959356118,gr,0.09168875592849958,anc4,40
F06_13,1.286059907652169,gr,0.08710346232754432,8,60
F06_14,1.084741021095533,gr,0.10200359767715055,22,60
F06_15,1.1793817566772946,gr,0.1212002378821305,anc4,60
F06_16,1.4074423141748529,gr.sat,0.06191209985064863,8,80
F06_17,1.7331362350865387,gr.sat,0.19399323175690855,22,80
F06_18,1.5341619322530078,gr.sat,0.13477528964875332,anc4,80
F06_19,1.474233672604327,gr.sat,0.10805592148000696,8,100
F06_2,0.5612231204186119,gr,0.1067099853554178,22,5
F06_20,1.6430402532604667,gr.sat,0.1942957502059381,22,100
F06_21,1.563605866691817,gr.sat,0.1109003608571108,anc4,100
F06_22,1.2236758936227576,gr,0.0705921020673247,8,400
F06_23,1.7430476374621022,gr.sat,0.17173543161573349,22,400
F06_24,1.1216454968420666,gr,0.12281558732918077,anc4,400
F06_25,1.3709349374041344,gr.sat,0.06840625496619257,8,600
F06_26,1.1771088699734011,gr,0.11000329843037826,22,600
F06_27,1.0786574322322426,gr,0.07203266222990075,anc4,600
F06_28,1.4485827668669644,gr.sat,0.09885279397443501,8,1000
F06_29,0.9874880142568947,gr,0.14818677127172528,22,1000
F06_3,0.5821454421304731,gr,0.10514436381511026,anc4,5
F06_30,1.0523973458457305,gr,0.0809791694575374,anc4,1000
F06_4,1.1348884604252327,gr,0.08286371967035898,8,10
F06_5,1.269223854374882,gr.sat,0.1639848268275921,22,10
F06_6,0.6458381339930602,gr,0.14827093824012627,anc4,10
F06_7,1.1745337023381244,gr,0.08872367570233533,8,20
F06_8,1.2136207174679163,gr.sat,0.1343303145778906,22,20
F06_9,1.356229949369453,gr.sat,0.11744737742343547,anc4,20
F07_1,0.45093457263001974,gr,0.10464731913647979,32,5
F07_10,0.965720365366187,gr,0.09936492910268702,32,40
F07_11,1.0271401564336187,gr,0.10669103002184187,35,40
F07_12,0.942346501527331,gr,0.10537866735024524,cc1690,40
F07_13,1.1026421275209854,gr,0.10280604717636982,32,60
F07_14,1.254362637316582,gr,0.14251973872618917,35,60
F07_15,1.1513678676890915,gr,0.09795108672919887,cc1690,60
F07_16,1.8869654988145808,gr.sat,0.24454853475645996,32,80
F07_17,1.1106751940950028,gr,0.13026921953310897,35,80
F07_18,1.3356791198737696,gr.sat,0.11048893024941839,cc1690,80
F07_19,1.7456101186591573,gr.sat,0.18634409592440818,32,100
F07_2,1.0710622345292227,gr.sat,0.0798736724447197,35,5
F07_20,1.4815716438582247,gr.sat,0.17912887830728405,35,100
F07_21,1.538636383091425,gr.sat,0.1325541210158992,cc1690,100
F07_22,1.6650427487553505,gr.sat,0.10494646949429634,32,400
F07_23,1.331467327138206,gr,0.11461350392935282,35,400
F07_24,1.0493677878959726,gr,0.12317355591546593,cc1690,400
F07_25,1.228829695206925,gr,0.06478317010506228,32,600
F07_26,1.5331264477139512,gr.sat,0.0521950851124119,35,600
F07_27,1.168284992622335,gr,0.09690700422971263,cc1690,600
F07_28,1.2078598778477847,gr,0.08585377973314001,32,1000
F07_29,1.3071265705217086,gr,0.1315247826913874,35,1000
F07_3,0.6840261554293215,gr.sat,0.11038222324972326,cc1690,5
F07_30,0.9654387260514561,gr,0.10857031464127898,cc1690,1000
F07_4,1.0427352224293502,gr.sat,0.13773991849352685,32,10
F07_5,1.0793592409960324,gr.sat,0.1424349756595163,35,10
F07_6,0.8711215546462191,gr.sat,0.09153862992932449,cc1690,10
F07_7,1.1908546245716936,gr.sat,0.1300197666177642,32,20
F07_8,0.956009266423074,gr,0.09840766727966992,35,20
F07_9,1.1551440134587518,gr.sat,0.18201607030533695,cc1690,20
F08_1,1.0220254736472996,gr.sat,0.09146435220088664,14,5
F08_10,1.1511907126615228,gr,0.11702570795011863,14,40
F08_11,1.244900774261422,gr.sat,0.07895954911692166,31,40
F08_12,1.1352954410261373,gr,0.09992156218389495,10,40
F08_13,1.162286015317693,gr,0.09239238455654682,14,60
F08_14,1.0948113274892295,gr,0.09709868337239248,31,60
F08_15,1.21406229075861,gr,0.09797600491907099,10,60
F08_16,1.6880039843512566,gr.sat,0.19314643372063306,14,80
F08_17,1.701204622450656,gr.sat,0.2639777903717007,31,80
F08_18,1.5339648467877223,gr.sat,0.15813888156358846,10,80
F08_19,1.0887663003678727,gr,0.16150704808735897,14,100
F08_2,1.3724028940601902,gr.lagsat,0.0964323663395959,31,5
F08_20,1.0923830572056263,gr,0.127545435630288,31,100
F08_21,1.3723163724788368,gr.sat,0.16784940435563778,10,100
F08_22,1.7906888087267783,gr.lagsat,0.03229861175125826,14,400
F08_23,1.1829893847829953,gr,0.1576875800323228,31,400
F08_24,1.1056403523112635,gr,0.12678561557328877,10,400
F08_25,1.184043946449407,gr,0.06427664218541453,14,600
F08_26,1.1974713885550778,gr,0.0832621413282474,31,600
F08_27,1.2508486333115907,gr.sat,0.06740350276956926,10,600
F08_28,1.1914618085522442,gr,0.09209824686960376,14,1000
F08_29,1.007537831099299,gr,0.15735646919552893,31,1000
F08_3,0.5798830619566179,gr,0.09704066253904266,10,5
F08_30,1.1040645638825897,gr,0.06880582008297,10,1000
F08_4,0.81541277910428,gr,0.12798454907970885,14,10
F08_5,1.099557602187857,gr.sat,0.11874522595810885,31,10
F08_6,1.120587992541644,gr.sat,0.06864066668409939,10,10
F08_7,0.8900311779756997,gr,0.12174333178403653,14,20
F08_8,0.9024679643319733,gr,0.08193003500286443,31,20
F08_9,0.9560981141513352,gr,0.11711194761055947,10,20
F09_11,1.3257235011086401,gr.sat,0.06912610418720234,2,40
F09_12,1.3189533504495186,gr.sat,0.07045716680779464,3,40
F09_14,2.0960724486178504,gr.lagsat,0.1352550015233795,2,60
F09_15,1.4690640802564232,gr.sat,0.1071729074584682,3,60
F09_17,1.7845363564120889,gr.sat,0.14340770321149648,2,80
F09_18,1.448304706851526,gr.sat,0.13324720935482423,3,80
F09_2,0.7558760731765755,gr,0.08141253329634186,2,5
F09_20,1.5585700190326688,gr.sat,0.13046107675346746,2,100
F09_21,1.4255816223243143,gr.sat,0.1336176439191821,3,100
F09_23,1.9743287803723493,gr.sat,0.1656978350654675,2,400
F09_24,1.0243935543825409,gr,0.0901452078339663,3,400
F09_26,1.1649255118631177,gr.sat,0.0763294554169453,2,600
F09_27,1.026043039196064,gr,0.08402143363093412,3,600
F09_29,0.9373942154650137,gr,0.1737501578226436,2,1000
F09_3,0.6058155858459502,gr,0.13329321267239852,3,5
F09_30,1.1086732894902844,gr,0.08901809808773208,3,1000
F09_5,0.8544056837656054,gr,0.12399293920946511,2,10
F09_6,1.6737101146904474,gr.sat,0.1515298648713528,3,10
F09_8,1.1089503707046153,gr,0.12952350615058364,2,20
F09_9,1.359492534737873,gr.sat,0.16559308890593932,3,20
F10_1,1.0578839693362168,gr.sat,0.1169012131424982,23,5
F10_10,1.189771993068895,gr,0.13077657712514612,23,40
F10_11,0.9290117254609698,gr,0.12432418720095677,anc2,40
F10_13,1.2436013120089846,gr,0.0813655179419624,23,60
F10_14,1.0392158062135897,gr,0.10520501549551009,anc2,60
F10_16,1.8998906172501604,gr.sat,0.22811492412142292,23,80
F10_17,1.6217021286025848,gr.sat,0.1261708643373528,anc2,80
F10_19,1.0268884857968374,gr,0.18583076808674473,23,100
F10_2,0.7762085869204051,gr.sat,0.0299098474070395,anc2,5
F10_20,1.584693880125249,gr.sat,0.21538226096709795,anc2,100
F10_22,1.8673299294617054,gr.sat,0.21883539706431956,23,400
F10_23,1.2210138372070598,gr,0.13439346708382732,anc2,400
F10_25,1.188203724766241,gr,0.0979501148145016,23,600
F10_26,1.2486051760714163,gr,0.08231725370851568,anc2,600
F10_28,1.4408340113988656,gr.sat,0.10991320534326636,23,1000
F10_29,1.2149908459496757,gr,0.13540910392975114,anc2,1000
F10_4,1.2487398256743287,gr.sat,0.09407872466500167,23,10
F10_5,1.2789468870154375,gr.lagsat,0.06293843539530568,anc2,10
F10_7,0.8224081254013732,gr,0.12309049084418361,23,20
F10_8,1.3170075018397052,gr.sat,0.10831655424788754,anc2,20
F11_1,0.5964978416151023,gr,0.07968201238027126,1,5
F11_10,1.1081110529343745,gr,0.07726549962134747,1,40
F11_11,0.9822099518324838,gr,0.09998606134728168,26,40
F11_13,1.2458112953613574,gr,0.0906618157354583,1,60
F11_14,1.5145907628674737,gr.sat,0.15762133993710903,26,60
F11_16,1.6729768693082172,gr.sat,0.23468886137236014,1,80
F11_17,1.8729381406896184,gr.lagsat,0.052383844566352554,26,80
F11_19,1.117743370468853,gr,0.10866105536451622,1,100
F11_2,0.6307122335759613,gr,0.105954437037043,26,5
F11_20,1.0064042124946708,gr,0.16747296821775948,26,100
F11_22,1.270568623112518,gr,0.11520327911620291,1,400
F11_23,1.1857573614023837,gr,0.13537503954665894,26,400
F11_25,1.2943067790058767,gr,0.08920030980171086,1,600
F11_26,1.4229257055527227,gr.sat,0.10035769485870415,26,600
F11_28,1.3748062775426253,gr,0.08208626590154915,1,1000
F11_29,1.0616343115147713,gr,0.14688867724494434,26,1000
F11_4,0.832765156387173,gr,0.08583128669052932,1,10
F11_5,0.8075511731017768,gr,0.10504624524910826,26,10
F11_7,0.9420402061832316,gr,0.10584459726785367,1,20
F11_8,1.460257815255937,gr.lagsat,0.06971063084031416,26,20
G02_1,1.050390958171978,gr.sat,0.05506695383252873,11,5
G02_10,1.0427891676741112,gr,0.11196299142726458,11,40
G02_11,0.841401218635849,gr,0.13187546485203405,27,40
G02_13,1.4725124986842675,gr.sat,0.05066517224526111,11,60
G02_14,2.066110893915597,gr.lag,0.139281958490478,27,60
G02_16,0.984624824771595,gr,0.1987726950592971,11,80
G02_17,0.9288878302548407,gr,0.09674805037600258,27,80
G02_19,1.0695203447420745,gr,0.12593231902100732,anc5,100
G02_2,0.8721429537597928,gr.sat,0.045407241298860854,27,5
G02_20,0.9577232542818376,gr,0.13288095293416133,27,100
G02_22,1.004324378827357,gr,0.11581676287035003,11,400
G02_23,1.9282553513954555,gr.sat,0.33187521715516377,27,400
G02_25,1.6320210581277894,gr.sat,0.14143763378474764,11,600
G02_26,1.4854945532800143,gr,0.16561533547714632,27,600
G02_28,1.4232630515766849,gr.sat,0.11507277178416916,11,1000
G02_29,1.3528423868685855,gr,0.1462994930891042,27,1000
G02_4,0.7299057399992513,gr,0.1401998566387291,11,10
G02_5,0.7472570311203189,gr,0.10711127912724559,27,10
G02_7,2.0333112250044514,gr.lagsat,0.1408634597462645,11,20
G02_8,0.8647970055793099,gr,0.1599332974946116,27,20
G03_1,1.2704082448366132,gr.lagsat,0.06740615750098146,33,5
G03_10,1.3218113686867883,gr.sat,0.06942957163016289,33,40
G03_11,1.1566987163138243,gr,0.09642589832559785,9,40
G03_13,1.1826320768749827,gr,0.13369884588554995,33,60
G03_14,2.146600994330284,gr.lagsat,0.11858637544271539,9,60
G03_16,1.8185375639799781,gr.sat,0.2792336996302941,33,80
G03_17,1.4923645467062308,gr.sat,0.1314285096681583,9,80
G03_19,1.0126963907945683,gr,0.178640593831644,33,100
G03_2,0.6310329596831823,gr,0.10729329517554612,9,5
G03_20,1.640219714366764,gr.sat,0.16100021955199398,9,100
G03_22,1.2110879396375,gr,0.1272816575454987,33,400
G03_23,1.6001630004894396,gr.sat,0.08491324413954017,9,400
G03_25,1.1189928969205412,gr,0.09354838187810997,33,600
G03_26,1.7229074258364034,gr.sat,0.14059930053881695,9,600
G03_28,1.2911985115966074,gr,0.08797250145757773,33,1000
G03_29,1.2006347941282798,gr,0.1554857545236004,9,1000
G03_4,1.2499127042732663,gr.sat,0.1757115904458766,33,10
G03_5,0.8102058613348343,gr,0.07392689196288481,9,10
G03_7,0.997997172687069,gr.sat,0.06252207441710803,33,20
G03_8,0.9104352776478525,gr,0.08277892062154542,9,20
