well_plate,population,K,r,nitrate_concentration,N0
B02_1,25,34.24505175251598,1.3387794066221297,5,6
B02_10,25,157.4930584216419,1.5240315651019885,40,6
B02_11,28,884.842923374707,1.2488969685878726,40,5
B02_12,15,150.21661358149078,1.5097308673550889,40,9
B02_13,25,215.8926411287908,1.7120937883100509,60,6
B02_14,28,189.59857708992018,1.6725812481217266,60,6
B02_15,15,196.7848425804951,1.9420565876742102,60,10
B02_16,25,387.4481607092262,1.9819762527237585,80,13
B02_17,28,542.3640988790794,1.9440600669889365,80,14
B02_18,15,388.7350395064695,1.7673489296592668,80,19
B02_19,25,408.1151901355436,1.871758531418265,100,14
B02_2,28,47.37778411597491,1.2320010801056,5,5
B02_20,28,612.0054358425908,1.4921313819073552,100,16
B02_21,15,578.1798879740901,2.350458252864299,100,13
B02_22,25,1082.6486860573132,2.17636907863673,400,12
B02_23,28,1218.7290983392413,1.8535017426367453,400,13
B02_24,15,785.5349330190755,1.8753390491841062,400,14
B02_25,25,1037.3942168720691,1.787456134030512,600,17
B02_26,28,1779.7193845718832,1.9089129826338507,600,19
B02_27,15,509.8267624318395,2.5268677024286896,600,14
B02_28,25,1623.2604970929854,1.7144396292876087,1000,14
B02_29,28,895.3421331692721,1.9079800452345448,1000,11
B02_3,15,736.4666193253834,0.251795567953031,5,11
B02_30,15,1031.1600269732985,1.7915941747699728,1000,16
B02_4,25,44.50084676393518,1.5882969163452407,10,6
B02_5,28,59.24156092289965,1.7360950104691897,10,4
B02_6,15,29.655630609467448,0.7957377064964533,10,10
B02_7,25,93.38187398279914,1.2366571342558115,20,6
B02_8,28,4e3,0.7963169624969061,20,8
B02_9,15,73.12211587400456,1.473344430231552,20,10
B03_1,19,41.56564460402319,0.7236612292231837,5,6
B03_10,19,269.36722207591095,0.9760975930527503,40,7
B03_11,4,204.28330880808662,1.165461485227301,40,6
B03_12,3,178.58965711543,1.8102450777997372,40,5
B03_13,19,179.15755043969298,1.3889133759874035,60,5
B03_14,4,170.3818317187442,1.4101227369321407,60,6
B03_15,3,254.62890416589764,1.4849279764930876,60,8
B03_16,19,276.1753836083969,1.8261995728481677,80,10
B03_17,4,329.61092463624334,1.8980861395517612,80,18
B03_18,3,306.2679168844757,2.649768971736879,80,14
B03_19,19,421.4803183176475,1.4871084093050913,100,15
B03_2,4,50.205053176460645,0.8020560682819036,5,4
B03_20,4,313.2282186180325,1.8627468284007616,100,19
B03_21,3,415.880333651402,2.1997505568982207,100,18
B03_22,19,1120.6439046080718,2.015123633669987,400,11
B03_23,4,1008.0604930213412,2.031783197858696,400,13
B03_24,3,986.8215037643292,1.7278777676621375,400,22
B03_25,19,2156.1816503857763,1.4734197503650555,600,16
B03_26,4,911.5622225562524,2.1944530204178077,600,17
B03_27,3,855.3497626640323,1.4949112834416602,600,19
B03_28,19,2209.754199163857,1.4973000318312464,1000,17
B03_29,4,879.3360936393797,1.9231741532063724,1000,15
B03_3,3,39.51255354703853,1.0962583875409446,5,7
B03_30,3,843.1057115552012,1.988390635994058,1000,18
B03_4,19,34.680858696620646,1.3525091484677287,10,4
B03_5,4,70.51177662108006,0.7935744447897841,10,6
B03_6,3,54.20164522784348,1.4799803307279746,10,6
B03_7,19,135.72854528216465,0.9953494322284118,20,5
B03_8,4,86.37609496365708,1.0236320369314302,20,4
B03_9,3,84.8927890320875,1.6977550409886888,20,5
B04_1,14,54.3846999008495,0.6913284538778202,5,6
B04_10,14,212.00749732570145,1.2757062380347193,40,6
B04_11,31,241.95081397806476,1.2035251795231194,40,8
B04_12,cc1690,122.3901709076247,1.3005464148247283,40,8
B04_13,14,235.66548979122481,1.4243653129522904,60,6
B04_14,31,160.19618661629673,1.7093775580601271,60,6
B04_15,cc1690,223.68355723628875,1.7228594466280542,60,4
B04_16,14,297.9456718539528,1.8839124337861706,80,13
B04_17,31,330.95640605684537,1.6540102119529991,80,25
B04_18,cc1690,299.6740951091282,2.380383211167523,80,22
B04_19,14,343.3899030114253,2.079864392603083,100,13
B04_2,31,45.90190851153073,0.8253332720037332,5,6
B04_20,31,396.01375103289905,2.3221437899414483,100,17
B04_21,cc1690,371.8799221002076,2.3640475505953042,100,17
B04_22,14,697.4351468593059,2.20924357891801,400,10
B04_23,31,1057.742159137337,1.8164425729990137,400,19
B04_24,cc1690,822.3025804400402,1.667310676402523,400,23
B04_25,14,1302.4865592599333,1.3666825418940898,600,19
B04_26,31,1721.9017983665526,1.8347023749654512,600,25
B04_27,cc1690,1925.6388531185105,1.256676951733396,600,18
B04_28,14,1838.226155214988,1.4141468343734203,1000,17
B04_29,31,1375.069078606182,1.5854635612270551,1000,21
B04_3,cc1690,32.928008925351506,1.0832700514344407,5,5
B04_30,cc1690,699.2934487117187,1.4798646817138306,1000,31
B04_4,14,53.477511163062985,1.0328160498072028,10,6
B04_5,31,62.22675990931061,0.977221596372407,10,5
B04_6,cc1690,32.15923923247387,1.3330098985093122,10,6
B04_7,14,105.01838104640365,1.312765660319291,20,5
B04_8,31,77.59508347182614,0.8991443579435526,20,7
B04_9,cc1690,40.89498705490788,1.9963963092405028,20,5
B05_1,8,140.7048354153561,1.2007328541745534,5,7
B05_10,8,968.9978637557813,1.1810126280352846,40,7
B05_11,22,161.22261695758098,1.410726887816959,40,7
B05_12,16,149.28980111205954,1.3418105854233258,40,7
B05_13,8,1039.5263442232174,1.3628997542200059,60,5
B05_14,22,144.4038751118307,1.688802137242395,60,5
B05_15,16,275.3421212665594,1.523626741007845,60,7
B05_16,8,853.9719214770199,1.7578314210321422,80,12
B05_17,22,281.0287537564944,2.2626775913467894,80,18
B05_18,16,293.7462670946439,2.0544828703200744,80,23
B05_19,8,801.0607360611232,1.794482817799231,100,15
B05_2,22,51.60906244739413,0.6626465874949883,5,6
B05_20,22,436.39832618658977,1.8674963820580315,100,22
B05_21,16,383.19380274129156,2.6071051103000555,100,21
B05_22,8,1165.651776306323,1.352316142039008,400,15
B05_23,22,589.7081393625381,2.0094827789164187,400,16
B05_24,16,1049.7746664691344,1.552107867153616,400,25
B05_25,8,845.030404488973,1.7179437539535474,600,12
B05_26,22,871.0566391710679,2.2997976529003186,600,16
B05_27,16,990.2146878549844,1.357887547019042,600,23
B05_28,8,909.7864941571219,1.755338374064491,1000,15
B05_29,22,556.2954360727622,1.9794810041674937,1000,20
B05_3,16,37.34397464752337,1.035695464920172,5,6
B05_30,16,625.3200936584644,1.726331635854657,1000,14
B05_4,8,196.74392994984927,1.1959783679948253,10,6
B05_5,22,48.26845937965361,1.2082245619652296,10,6
B05_6,16,41.61898978230962,1.2076234464981035,10,8
B05_7,8,293.1184674052296,1.3658136786149657,20,6
B05_8,22,63.09425301846689,1.2425536404630602,20,7
B05_9,16,46.27873715607133,1.8574896074407874,20,5
B06_1,23,24.224266457285943,1.5493419075558494,5,5
B06_10,23,195.43080221718566,1.535760009312399,40,5
B06_11,anc2,185.99222123461567,1.6003661289626419,40,5
B06_12,20,156.38296047840777,1.3590156786222518,40,6
B06_13,23,248.85786603639758,1.576673765045261,60,5
B06_14,anc2,175.08377193880798,1.4703332474772717,60,9
B06_15,20,263.9298812644639,1.3975398890346749,60,8
B06_16,23,298.3339689068996,2.2431668555441133,80,16
B06_17,anc2,302.8586978687305,1.9914669003556578,80,22
B06_18,20,261.48914791161013,2.2359014195788918,80,20
B06_19,23,389.81332465326943,1.8587553336095097,100,18
B06_2,anc2,47.06963754097424,0.8942797787984763,5,6
B06_20,anc2,350.10972231937114,2.100294739631101,100,18
B06_21,20,378.58151193176656,2.5261304521306545,100,22
B06_22,23,755.6120267391497,2.3907203778025607,400,14
B06_23,anc2,1224.8878506501012,1.5464050184087133,400,18
B06_24,20,958.1113859314852,1.6231215724589514,400,25
B06_25,23,954.1946417233595,1.3375144781272497,600,19
B06_26,anc2,908.232721709591,2.336689664016351,600,16
B06_27,20,871.4159719050542,2.1514124543926862,600,24
B06_28,23,814.6697155034939,1.5942520708001955,1000,16
B06_29,anc2,563.6973272103476,2.131628093903217,1000,11
B06_3,20,55.270402132980024,0.7149091060042551,5,7
B06_30,20,801.1076554366839,1.5654258527029103,1000,18
B06_4,23,60.13206240295891,1.2915533020158982,10,7
B06_5,anc2,55.81694536785668,1.4699741102601995,10,5
B06_6,20,45.233744302628146,1.2232155956814592,10,5
B06_7,23,89.98541545894571,1.5780191111921527,20,6
B06_8,anc2,191.92283920195538,0.7942500279919086,20,8
B06_9,20,49.524930678721354,1.4445541487246165,20,6
B07_1,11,37.65214131835269,1.353404724025013,5,6
B07_10,11,209.13841971159306,1.3011779411681514,40,7
B07_11,27,4e3,0.7768196699722162,40,8
B07_12,anc3,142.0686423425959,1.4597955449776259,40,6
B07_13,11,268.23617129465634,1.5334625384351952,60,5
B07_14,27,4e3,1.0051528837091104,60,4
B07_15,anc3,227.5521932611056,1.5902725271944813,60,6
B07_16,11,261.64708952414895,2.5613295432144207,80,10
B07_17,27,292.76792238379244,2.8873345822763543,80,14
B07_18,anc3,248.40437120537868,2.170170308754461,80,19
B07_19,anc5,397.0533210432745,1.7792900902435975,100,14
B07_2,27,4e3,0.5174204741694302,5,5
B07_20,27,295.61473392653664,1.817511574994409,100,14
B07_21,anc3,386.9164575453874,2.3106800706402053,100,15
B07_22,11,706.5965831763748,2.4501469424804854,400,13
B07_23,27,845.7276519849307,2.1184024944894624,400,11
B07_24,anc3,852.1741392692734,1.5127989776904833,400,20
B07_25,11,614.0345489121398,1.561735926102863,600,21
B07_26,27,952.8838079495467,1.540270827381462,600,17
B07_27,anc3,729.4750794392337,2.1005644939010404,600,13
B07_28,11,542.9466833426949,1.7703610296348347,1000,23
B07_29,27,1018.6669313837207,1.6497696653579352,1000,13
B07_3,anc3,42.3150125082657,1.0091275519914993,5,7
B07_30,anc3,674.9476498930434,1.548490367364501,1000,18
B07_4,11,51.795481120867436,1.506324599172068,10,5
B07_5,27,162.36016586954915,0.8785069561460721,10,4
B07_6,anc3,40.00129951334229,1.3031928372326145,10,6
B07_7,11,101.07051155057427,1.33794333171632,20,6
B07_8,27,4e3,0.7869359204073244,20,4
B07_9,anc3,47.655121830257656,1.6569072136707372,20,5
B08_1,anc5,39.275849029192464,1.1553143875628273,5,6
B08_10,anc5,204.6261465510952,1.2937340787417606,40,6
B08_11,17,277.79535230709564,1.7716201883617195,40,8
B08_12,7,234.78952513868245,1.1836014694100883,40,7
B08_13,anc5,249.86968316543798,1.43055035376823,60,6
B08_14,17,690.2679202979759,1.514963357814617,60,10
B08_15,7,272.79364297684447,1.2776830086900286,60,7
B08_16,anc5,301.5813300753239,2.043716732037938,80,14
B08_17,17,628.5424279094062,2.118484154192314,80,19
B08_18,7,267.2467047575835,2.2265805517187913,80,21
B08_19,11,336.17624919695146,2.2498325821882887,100,20
B08_2,17,56.45080008359931,1.4410189130768867,5,6
B08_20,17,709.5204098647072,1.7620771159122124,100,18
B08_21,7,303.65297842876544,2.0510448640159415,100,14
B08_22,anc5,596.9272638172811,2.117755101190523,400,11
B08_23,17,1353.3933875433872,1.640989880630779,400,11
B08_24,7,1396.2539063172178,1.3753804011628503,400,26
B08_25,anc5,971.8504214931586,1.4925473920001777,600,12
B08_26,17,2413.8695295149214,1.480342468558266,600,17
B08_27,7,830.3790106642447,2.0773386964203753,600,23
B08_28,anc5,896.2520008134762,1.6348967747015752,1000,14
B08_29,17,1244.0156553292272,1.6422173979083639,1000,11
B08_3,7,3878.2124360609105,0.5290543964151977,5,7
B08_30,7,1188.0011350940845,1.4831029797071669,1000,21
B08_4,anc5,54.805442222320096,1.3812729859813084,10,5
B08_5,17,91.27812859413073,1.4920423188762304,10,5
B08_6,7,58.1533432876526,0.8564238344996777,10,6
B08_7,anc5,118.31759084612285,1.0994629412121093,20,7
B08_8,17,236.71005577784263,1.7526326384456659,20,5
B08_9,7,97.59947958294646,1.414227963495706,20,4
B09_1,1,40.238766635892574,1.2096069809623187,5,5
B09_10,1,249.0891863226978,1.2441357882172357,40,7
B09_11,26,178.65406210341038,1.3253646577222327,40,7
B09_12,5,4e3,0.9580325674298777,40,4
B09_13,1,278.7788762645242,1.3222875818090727,60,7
B09_14,26,175.82839821717712,1.7769426938167963,60,6
B09_15,5,4e3,1.0486552850417548,60,4
B09_16,1,281.2530342739233,2.03952453423638,80,13
B09_17,26,310.1810163310262,2.773268729772416,80,18
B09_18,5,252.2294381633356,1.7711665759550168,80,19
B09_19,1,421.0003394317086,1.7410937468014953,100,9
B09_2,26,49.82368028411478,1.0551762906988447,5,7
B09_20,26,369.73597628052255,1.8364070084647948,100,19
B09_21,5,403.0171670517735,1.8279240008445545,100,13
B09_22,1,779.0006051582025,2.097381843029248,400,11
B09_23,26,645.4347820548898,2.127216024193256,400,16
B09_24,30,2385.4052818508726,1.2245731889044658,400,23
B09_25,1,1293.448633155127,1.3748986102940124,600,17
B09_26,26,572.603951043781,1.8281598117018665,600,16
B09_27,5,782.6344257143248,2.0135391172814607,600,24
B09_28,1,1537.8077627131097,1.5649761573422756,1000,13
B09_29,26,536.1343903496868,1.8756456397679269,1000,15
B09_3,5,4e3,0.39048658315279644,5,7
B09_30,5,1173.1031502061337,1.4169117290399786,1000,18
B09_4,1,77.89173022746772,0.9290861972822698,10,5
B09_5,26,67.44795165476555,1.1000804659340293,10,7
B09_6,5,82.31228840549319,0.7523257621532049,10,5
B09_7,1,139.31091576749407,0.9909148106512916,20,7
B09_8,26,85.09210416492903,1.27066920674514,20,6
B09_9,5,147.36227333301034,0.8236743435699524,20,6
B10_11,2,205.32198725604277,1.070920116241696,40,8
B10_12,29,209.4287026063887,2.0647450886794125,40,3
B10_14,2,159.57965385361774,1.3924157456389235,60,7
B10_15,29,212.59129470821495,1.636344359101349,60,7
B10_17,2,230.39973244169008,2.6647737219103633,80,18
B10_18,29,386.82270110710766,1.8488236267378484,80,11
B10_2,2,46.94963747337538,1.0306424725257437,5,5
B10_20,2,336.03973822415037,1.9096634984150407,100,18
B10_21,29,496.6750663750622,1.5457846823239358,100,19
B10_23,2,422.0232400820665,2.3146673074843527,400,24
B10_24,29,897.5561298661689,1.7558322400582855,400,10
B10_26,2,418.45844205436657,1.6818061611059358,600,23
B10_27,29,1200.239772231194,1.851335303189461,600,19
B10_29,2,457.5776627571868,1.7111701161998978,1000,27
B10_3,29,46.78501004996586,1.400693003991575,5,5
B10_30,29,1716.9286049363625,1.4603879311777344,1000,18
B10_5,2,55.162543535601046,1.1398907783595813,10,5
B10_6,29,72.28214285187137,1.246447874198092,10,7
B10_8,2,92.94012897433015,0.9704231394849926,20,6
B10_9,29,201.96634426396835,1.3316316777303718,20,8
B11_1,24,4e3,0.6656076132894503,5,3
B11_10,24,4e3,1.1079903466490697,40,3
B11_11,18,153.31652875670915,1.4599198988314523,40,6
B11_12,anc4,141.26405420564788,1.4137842942615584,40,7
B11_13,24,4e3,1.1005665956460662,60,3
B11_14,18,172.89782156481542,1.7000149979534473,60,7
B11_15,anc4,224.92386250543444,1.4556906742909916,60,6
B11_16,24,342.05488534715073,1.9446104134541664,80,7
B11_17,18,260.2383418445311,2.283308256122155,80,19
B11_18,anc4,256.31168244857065,2.1169940882337013,80,13
B11_19,24,400.36335132392503,2.0065097652916766,100,13
B11_2,18,46.87422068891011,1.0348799637511337,5,7
B11_20,18,398.6558921420447,1.8290400676486478,100,17
B11_21,anc4,322.4809867243831,1.7803979199556288,100,18
B11_22,24,584.5013594411444,2.341543071333657,400,8
B11_23,18,956.3802071875533,1.5087196820723745,400,18
B11_24,anc4,657.9952181132735,1.5531193269673784,400,20
B11_25,24,1277.2988667013508,1.5503931341043922,600,12
B11_26,18,705.359175262935,1.685746011749069,600,21
B11_27,anc4,715.3341028263044,1.6079696803426822,600,25
B11_28,24,913.0277860347082,1.8246310917546908,1000,10
B11_29,18,652.8137935726978,1.5017319951548214,1000,22
B11_3,anc4,37.93824376827678,1.1334238561584384,5,5
B11_30,anc4,557.7142866766803,1.526444026778793,1000,21
B11_4,24,4e3,0.6575817069336831,10,4
B11_5,18,55.80296053284866,1.4745209551252705,10,5
B11_6,anc4,38.778539795729984,1.1714685208377618,10,7
B11_7,24,4e3,0.8240496952753883,20,4
B11_8,18,78.11713381831011,1.2802762948961113,20,6
B11_9,anc4,54.452861974338774,1.746055563781575,20,5
C02_1,6,276.85219701832267,0.7562543624085912,5,6
C02_10,6,226.25928957919237,1.307686997700015,40,6
C02_11,21,916.450753573609,1.4042938746096183,40,6
C02_12,10,152.34310475817898,1.3461568081995918,40,5
C02_13,6,329.9990521170614,1.3091794152977168,60,3
C02_14,21,898.4894754876512,1.6058823105007638,60,6
C02_15,10,227.58257975446125,1.4369089461318598,60,6
C02_16,6,422.4724077052542,1.5343569621803983,80,17
C02_17,21,673.0993665625114,2.0178624499861177,80,14
C02_18,10,279.04840072298873,2.0291815017745525,80,17
C02_19,6,453.17006655758786,1.768791462011948,100,19
C02_2,21,154.8018798864182,1.3836076495147183,5,5
C02_20,21,567.0220286259101,2.0874316759683267,100,13
C02_21,10,404.1266094666291,2.4334505242402167,100,17
C02_22,6,1618.0994787328707,1.5744534060588677,400,15
C02_23,21,1203.1825565775998,1.99222675114648,400,12
C02_24,10,768.170310268506,1.814963366732674,400,22
C02_25,6,1251.3826746530333,1.6900919900607219,600,15
C02_26,21,1534.0087105441025,1.8078269502194406,600,13
C02_27,10,664.6757135795286,1.597982091179456,600,24
C02_28,6,2447.857193800315,1.4897224060244052,1000,13
C02_29,21,817.1269555570997,1.7641267010991866,1000,8
C02_3,10,34.62735678839297,1.2841402394815167,5,3
C02_30,10,677.0462467929752,1.9940342929289534,1000,23
C02_4,6,77.95149396415407,1.1580422857880972,10,4
C02_5,21,246.74939648393382,1.4796262299262146,10,6
C02_6,10,42.98552164057108,1.2409491790335725,10,6
C02_7,6,120.67741975557003,1.3944865451318442,20,3
C02_8,21,372.7007730298764,1.4686494556565677,20,6
C02_9,10,133.83669299899128,0.754350662594202,20,8
C03_1,33,33.57924265605039,1.4473387011436096,5,4
C03_10,33,231.13642077836403,1.1233293321476132,40,8
C03_11,9,152.50004133195094,1.5025479883360717,40,5
C03_12,30,304.040240938269,1.3693198254561139,40,6
C03_13,33,200.75752516368743,1.39001206338869,60,6
C03_14,9,187.072668327977,1.6234187621089293,60,5
C03_15,30,243.639698886141,1.8614102638640682,60,4
C03_16,33,312.83737528280676,1.9277744218389616,80,19
C03_17,9,379.9588055429359,1.8931259674145413,80,19
C03_18,30,526.6433324580642,1.9999397928566702,80,15
C03_19,33,315.12292941781254,2.501478291959301,100,19
C03_2,9,31.425822197602088,1.2753159281226574,5,4
C03_20,9,448.6692227180142,1.8100389093540987,100,18
C03_21,30,1050.5883307515721,1.9793476446265779,100,17
C03_22,33,729.8827184383864,1.5626976377483506,400,13
C03_23,9,718.5113978433944,1.7714839394504172,400,20
C03_24,5,1038.2262518476787,1.7008217314517415,400,20
C03_25,33,869.0449217500405,1.6784606313897144,600,15
C03_26,9,1088.0171782629666,1.989152083289729,600,14
C03_27,30,1066.4902439642942,1.5398819769049459,600,19
C03_28,33,972.7631186208871,1.5883865351989617,1000,15
C03_29,9,761.91743972755,1.735860472679018,1000,23
C03_3,30,33.71816095124833,1.8709481170632742,5,4
C03_30,30,1192.5607634260475,1.6069951992510094,1000,18
C03_4,33,48.247089976508434,1.4443806849437362,10,5
C03_5,9,66.79018465337724,0.9965265029088504,10,3
C03_6,30,76.0085821753096,1.4199770696238996,10,5
C03_7,33,133.99804774046325,0.9112237178149407,20,9
C03_8,9,56.538659387970924,1.2170028602528895,20,5
C03_9,30,111.7590565252665,1.498041176904459,20,6
C04_1,32,27.474576799075237,1.5093958320651264,5,5
C04_10,32,172.9109608376988,1.448383896012343,40,9
C04_11,35,325.169808359645,1.471555195279529,40,6
C04_12,5,4e3,0.8665212361278833,40,5
C04_13,32,197.39776014232353,1.7906116473139801,60,4
C04_14,35,325.92571840335495,1.788495116514974,60,4
C04_15,5,344.06695533669114,1.1678063366537923,60,4
C04_16,32,315.8889613463693,2.1287044054841084,80,15
C04_17,35,499.42065150632754,1.6049462016805196,80,15
C04_18,5,251.90702099071166,1.884309878816757,80,18
C04_19,32,397.3994873350866,2.3169994224305106,100,12
C04_2,35,54.969217885377795,1.1728218452783565,5,6
C04_20,35,621.8928758130882,1.7417708416472193,100,13
C04_21,5,437.1587126806342,1.9542335332827359,100,13
C04_22,32,1869.1467910450351,1.4704237394229513,400,11
C04_23,35,1237.160131317703,1.6100121105516363,400,15
C04_24,30,996.8049913619118,1.7926446115744126,400,19
C04_25,32,945.0218157633661,1.4833542065428325,600,18
C04_26,35,1156.3898274978908,1.7887751282086843,600,14
C04_27,5,769.0906582877874,1.7296553516378883,600,23
C04_28,32,770.7545935989884,1.6696262904692676,1000,14
C04_29,35,670.5703356400952,2.097734973567444,1000,8
C04_3,5,47.44216534784032,0.810591133847412,5,4
C04_30,5,777.9506778577468,1.5226360546707827,1000,19
C04_4,32,46.26676051344371,1.23877705138207,10,10
C04_5,35,63.91339093292985,1.3662799753673438,10,5
C04_6,5,70.40992665661466,0.9450188972582877,10,4
C04_7,32,80.16153687905658,1.3684206844754117,20,7
C04_8,35,309.79865367051246,1.1270858554042151,20,6
C04_9,5,129.00958119165375,0.8825218948435262,20,6
C05_1,25,51.7626436787556,1.1804223037785044,5,7
C05_10,25,191.77080974489553,1.5059798864916323,40,5
C05_11,28,371.3440272770058,1.1176838826893576,40,9
C05_12,cc1690,132.9497082266464,1.3988714139504115,40,8
C05_13,25,257.83664817420225,1.7461846414299997,60,4
C05_14,28,298.50924419748327,1.704152010421987,60,5
C05_15,cc1690,227.84765364929694,1.551101509442698,60,6
C05_16,25,314.29769357351137,1.907520232884979,80,12
C05_17,28,464.4707926432874,2.1908775617701752,80,15
C05_18,cc1690,271.2048342109342,2.3213822436610276,80,22
C05_19,25,373.0862458556917,1.8851346340128814,100,19
C05_2,28,43.258628734479494,1.2228321310609387,5,6
C05_20,28,884.5076799136855,1.8814043107276217,100,14
C05_21,cc1690,390.40306201072997,2.1188648504359135,100,19
C05_22,25,700.8720616905581,1.5819775804236902,400,11
C05_23,28,1365.153207574284,1.9232188701011115,400,12
C05_24,cc1690,833.9710477507496,1.5646069206081916,400,23
C05_25,25,1895.5569708409046,1.3469586922036967,600,17
C05_26,28,1360.1450297377032,2.0109549120216417,600,17
C05_27,cc1690,1009.0240901370153,1.4153570682112195,600,20
C05_28,25,2043.021044012448,1.526215607292668,1000,13
C05_29,28,1859.9583104641451,1.5761282398615404,1000,16
C05_3,cc1690,31.0964123512295,1.2856731878452679,5,5
C05_30,cc1690,632.0333999311962,1.6076764278552702,1000,27
C05_4,25,68.67422670683962,1.144892905268858,10,9
C05_5,28,55.50706789846705,1.9989108022438642,10,3
C05_6,cc1690,36.44765417962756,1.9004061960279774,10,5
C05_7,25,113.75290662657697,1.3826074238599395,20,7
C05_8,28,4e3,1.018321809114753,20,5
C05_9,cc1690,47.61801703904266,1.7880877476924573,20,8
C06_1,1,41.46820238153277,1.7046435881463837,5,4
C06_10,1,240.55995511604908,1.326625245213801,40,7
C06_11,26,226.06704055946307,1.3242242237044732,40,8
C06_12,anc3,121.90035065901931,1.352287610750946,40,6
C06_13,1,233.68951656591398,1.4280516951684352,60,6
C06_14,26,168.05133816160085,1.753887882797424,60,5
C06_15,anc3,172.06041263833873,1.7847625055876546,60,5
C06_16,1,324.87276759567595,1.728278255397117,80,13
C06_17,26,285.59142122634387,2.548889119679659,80,18
C06_18,anc3,259.24158147812904,2.3936070259283575,80,17
C06_19,1,357.30421589614485,1.9262288701968988,100,12
C06_2,26,43.93383745993343,1.0330417739390756,5,6
C06_20,26,352.18784971015435,1.8406059626459552,100,21
C06_21,anc3,415.8125379284387,2.0305264127452682,100,15
C06_22,1,1068.2234080554917,1.669761925590795,400,11
C06_23,26,735.9294489589498,1.8950929864374217,400,19
C06_24,anc3,955.8032299331788,1.553021557799058,400,20
C06_25,1,1099.5998343802542,1.4880480413914094,600,16
C06_26,26,558.4204914512937,1.8318287500336041,600,17
C06_27,anc3,818.207979357276,1.5457127550430447,600,15
C06_28,1,1493.6856039600339,1.494038823187167,1000,17
C06_29,26,646.8856773311213,1.8390758397637457,1000,18
C06_3,anc3,36.71935859272983,1.028307351287171,5,7
C06_30,anc3,673.8700799979837,1.567642075833098,1000,16
C06_4,1,59.94520082946333,1.1344380022917204,10,6
C06_5,26,54.7271919368371,1.4956227729670224,10,5
C06_6,anc3,38.400417689660145,1.0392754954893455,10,9
C06_7,1,167.07935026644014,1.0618495224809317,20,7
C06_8,26,63.76102871118438,1.4488237807263604,20,7
C06_9,anc3,51.70305065685725,1.5575365470666371,20,6
C07_1,11,31.65917240553261,1.4299744857243548,5,5
C07_10,11,176.71614056824475,1.4763355470782746,40,5
C07_11,27,4e3,0.8698068294057788,40,5
C07_12,7,277.1647045395842,1.1214499270394818,40,8
C07_13,11,223.96610059192648,1.787155392284978,60,3
C07_14,27,4e3,1.052765991431347,60,3
C07_15,7,424.1989657645301,1.1592552883729483,60,4
C07_16,11,245.01334757384276,2.25956960448943,80,14
C07_17,27,290.94073479869974,2.8779311384317103,80,15
C07_18,7,240.68639632419246,2.0598582338687423,80,23
C07_19,anc5,325.4067611386447,2.0322309938146232,100,13
C07_2,27,4e3,0.5314921916115186,5,5
C07_20,27,307.8805331605826,2.0032039696989776,100,14
C07_21,7,581.4008751103487,1.959207072127865,100,18
C07_22,11,661.0188027311949,2.045596846567966,400,16
C07_23,27,760.9430426236564,2.262372240833123,400,10
C07_24,7,1391.5945744770152,1.3273336254030232,400,25
C07_25,11,551.8605155830722,1.7356800335486862,600,18
C07_26,27,838.0969646532401,1.5733078689449598,600,15
C07_27,7,904.2483332032733,1.6873965804140885,600,27
C07_28,11,520.167845910868,1.8716102263554129,1000,18
C07_29,27,1050.305013852252,1.8409496576954663,1000,12
C07_3,7,66.02218667197506,1.0672284036248607,5,5
C07_30,7,1032.255838775787,1.5282318068829992,1000,19
C07_4,11,58.83324217947724,1.0326987259032896,10,6
C07_5,27,4e3,0.7688746903680062,10,3
C07_6,7,67.37812525657151,0.9828728488909726,10,5
C07_7,11,77.23080203990531,1.7188246916661374,20,5
C07_8,27,4e3,0.7156691810707984,20,4
C07_9,7,103.13616122260781,1.4316522700727363,20,5
C08_11,2,210.05755919771437,1.108150144715688,40,7
C08_12,16,129.38046108906298,1.7428601686745337,40,4
C08_14,2,143.67672561255623,1.641861126899107,60,4
C08_15,16,289.84207347375707,1.154689193735997,60,10
C08_17,2,237.3560599006847,2.447913185265836,80,14
C08_18,16,254.13861338707596,1.8337038156538568,80,26
C08_2,2,35.99805150606757,1.0431830288625763,5,5
C08_20,2,301.8441529210586,2.0225476207626576,100,14
C08_21,16,252.33376849944707,2.2387950879633522,100,26
C08_23,2,489.1125129569192,2.6050057020135764,400,19
C08_24,16,1376.4393859619302,1.2492541079886081,400,29
C08_26,2,370.8602397206161,1.6850807678895012,600,26
C08_27,16,1094.3480445094897,1.2689361112909874,600,26
C08_29,2,532.3238609815638,1.979796694858272,1000,26
C08_3,16,34.96600768860497,1.160316015826448,5,6
C08_30,16,525.3133021122469,1.6943960960153837,1000,16
C08_5,2,54.46794710331405,1.1821586729270548,10,4
C08_6,16,42.356415065342254,1.5802509494245955,10,7
C08_8,2,63.468361112923674,1.7383451608131602,20,2
C08_9,16,58.19659833127387,1.7733802445392404,20,6
C09_1,6,85.97727415878128,1.1456498005096285,5,4
C09_10,6,210.4654282772715,1.5532648046063895,40,3
C09_11,21,617.594353715339,1.4840803867877528,40,5
C09_12,30,287.20636549543093,1.5608343197939358,40,5
C09_13,6,457.1200200346667,1.2016827535739636,60,4
C09_14,21,905.7634906703372,1.6307779706562082,60,4
C09_15,30,193.25060933579405,1.903871722709615,60,3
C09_16,6,380.0566817013746,1.9611481057989308,80,14
C09_17,21,659.7624524238755,2.2950006100304496,80,15
C09_18,30,331.5058852299247,1.8647686816857123,80,13
C09_19,6,516.7733548175958,1.9043966795684817,100,19
C09_2,21,146.65478794584723,1.5190138747438713,5,3
C09_20,21,831.5416176426538,2.0075487619535197,100,14
C09_21,30,408.5781848078274,1.6676798079757724,100,15
C09_22,6,1271.4546883679566,1.810426601224379,400,17
C09_23,21,1152.2756318933473,1.8374127825001507,400,16
C09_24,5,1636.324818895036,1.3817545560112812,400,21
C09_25,6,1658.0961786322375,1.4273819823510687,600,19
C09_26,21,1295.7269244486624,1.9171984047894077,600,10
C09_27,30,1208.7343983510127,1.4409785777788398,600,19
C09_28,6,1332.7553269625666,1.5770979906206224,1000,16
C09_29,21,526.8626889704283,1.8696348423466533,1000,8
C09_3,30,36.84721999285028,1.3725736645193976,5,5
C09_30,30,2351.542665922588,1.3657813864185133,1000,19
C09_4,6,74.17511678762871,1.1679276594239483,10,4
C09_5,21,247.2402682558712,1.222322746998606,10,5
C09_6,30,49.286685192369866,1.3564010317963187,10,6
C09_7,6,121.89834811280349,1.2642272640909882,20,5
C09_8,21,318.5463250155298,1.379747549119438,20,6
C09_9,30,88.99207472416543,1.5047219083135528,20,6
C10_1,23,29.206642290567466,1.4933061907126781,5,6
C10_10,23,178.89037462998004,1.3585694464643203,40,7
C10_11,anc2,143.23690773373175,1.591642702251532,40,6
C10_12,3,186.37138693826785,1.4921857872554358,40,9
C10_13,23,223.94988347850597,1.6386599617835116,60,5
C10_14,anc2,175.62317004075234,1.606674350503985,60,7
C10_15,3,265.13709859227214,1.4899223150221685,60,6
C10_16,23,292.99669573483243,2.414920392006007,80,14
C10_17,anc2,299.3191040930772,2.3055574037407767,80,20
C10_18,3,258.9950026035198,1.9284945564945082,80,19
C10_19,23,373.44826424946916,2.3430393412853117,100,17
C10_2,anc2,39.27998437221888,0.9930176260960943,5,8
C10_20,anc2,356.72891809665174,2.1310171147308234,100,18
C10_21,3,358.9612134281553,2.046015567774656,100,17
C10_22,23,629.4192732092126,2.115851056241463,400,18
C10_23,anc2,863.6003050581743,1.6499923905589817,400,17
C10_24,3,1022.3287996038387,1.4649459716318232,400,23
C10_25,23,916.5370373839402,1.5465228581570003,600,20
C10_26,anc2,866.5755938565661,1.567596520707293,600,16
C10_27,3,764.2609720883701,1.659119957224005,600,20
C10_28,23,676.0779266271385,2.177784975007762,1000,10
C10_29,anc2,564.2196973766809,1.712200699075646,1000,16
C10_3,3,45.411392268081954,1.6832153115867272,5,3
C10_30,3,1208.4935227835638,1.2777731225232811,1000,25
C10_4,23,48.83253769600147,1.803849034940454,10,4
C10_5,anc2,70.11483385629052,1.2162689610728474,10,6
C10_6,3,53.5899232186409,1.6054062993083469,10,5
C10_7,23,79.41794348907518,1.5932134821171349,20,6
C10_8,anc2,75.4749562270983,1.3786534895324165,20,6
C10_9,3,82.3220972904535,2.041009309966746,20,7
C11_1,anc5,38.20452180071674,1.018864501464087,5,8
C11_10,anc5,226.16465724836686,1.3009347735831989,40,5
C11_11,17,244.5389729885794,1.7497493388883527,40,7
C11_12,15,131.63577072042347,1.8004319174667869,40,12
C11_13,anc5,273.8379879022699,1.5486838398277418,60,4
C11_14,17,499.1888298411949,1.9871280332539805,60,6
C11_15,15,201.50486719994723,1.5953982370054287,60,11
C11_16,anc5,235.35126780061142,2.198125416969189,80,14
C11_17,17,770.6307953819143,1.703128229000988,80,23
C11_18,15,244.907083697958,2.1472510635918045,80,21
C11_19,11,339.38988454868814,2.3801233009136933,100,21
C11_2,17,58.53204544595595,1.462786014237841,5,6
C11_20,17,609.8874862267448,2.051260834682625,100,14
C11_21,15,387.63646245247315,1.9482580982675626,100,21
C11_22,anc5,526.9463390331731,1.9804487272743336,400,12
C11_23,17,981.8264587014492,1.908842378428313,400,7
C11_24,15,922.9357848086347,1.6429090806428648,400,14
C11_25,anc5,609.1727781316707,1.6483514116214766,600,16
C11_26,17,1593.4683495931577,1.7282592716685707,600,13
C11_27,15,1277.3941572139822,1.453387760806364,600,17
C11_28,anc5,684.5725950992751,1.6975007152827073,1000,17
C11_29,17,1063.9103303290442,1.6060047297645366,1000,11
C11_3,15,80.87461105062367,0.4601039259037372,5,13
C11_30,15,1076.3030927328145,1.3961007302818926,1000,21
C11_4,anc5,67.53077887915167,1.1699540449046277,10,5
C11_5,17,98.66000979633496,1.197986193840055,10,8
C11_6,15,33.26678035033884,1.1967542766682928,10,9
C11_7,anc5,140.52404054667795,0.9161886086409623,20,8
C11_8,17,223.39925151134702,1.6414637145125084,20,5
C11_9,15,99.31401872467734,2.019742636369499,20,9
D02_1,24,4e3,0.5812262152794512,5,4
D02_10,24,4e3,0.7239593222260016,40,7
D02_11,18,152.9278286012783,1.611892634754504,40,5
D02_12,29,322.89135144073913,1.4309342120417354,40,6
D02_13,24,4e3,0.9631197086645171,60,4
D02_14,18,170.2905044511991,1.543193810913836,60,6
D02_15,29,249.40151662683394,1.7841633844870264,60,5
D02_16,24,382.74856166934893,1.9105354617544117,80,6
D02_17,18,275.12459598134035,1.9223729857890306,80,14
D02_18,29,385.9538876151872,1.9729296562701284,80,17
D02_19,24,316.009695042362,2.0969912593470137,100,8
D02_2,18,33.20575355386173,1.2309152636268388,5,7
D02_20,18,444.4521332728506,1.6551056606353043,100,17
D02_21,29,717.3921519023917,1.7621257139912316,100,20
D02_22,24,768.397643827007,1.6269650867585,400,9
D02_23,18,740.983845135321,1.6724487900604128,400,13
D02_24,29,933.8455021032912,1.9376592138507482,400,12
D02_25,24,756.2779708319727,1.9232024878328158,600,11
D02_26,18,1219.904361339062,2.010462485032318,600,14
D02_27,29,1550.0993765069084,1.6193037746473544,600,19
D02_28,24,1088.2145776132022,1.4114148502754993,1000,12
D02_29,18,737.9236273253122,1.9486531628737511,1000,18
D02_3,29,38.97671997783834,1.637542487268361,5,4
D02_30,29,3863.5113402538386,1.6040578158445484,1000,17
D02_4,24,96.08973831886462,0.802473110056754,10,4
D02_5,18,53.897011935497495,1.3705970738569753,10,5
D02_6,29,85.57442888025498,1.663918880913406,10,5
D02_7,24,4e3,0.7674621502915598,20,4
D02_8,18,72.24606537335113,1.2968913582734107,20,6
D02_9,29,130.71158380497457,1.9280679393754871,20,4
D03_1,8,202.9232902332362,1.4307308119467979,5,5
D03_10,8,2217.752275948202,1.1968550896743493,40,7
D03_11,22,172.58445285935838,1.4910514119239593,40,6
D03_12,20,127.08278916986353,1.2669325137680028,40,6
D03_13,8,898.8253585698908,1.2316157575431845,60,8
D03_14,22,165.89958516618813,1.6341623875066715,60,6
D03_15,20,200.53911960652783,1.4910343589531807,60,6
D03_16,8,718.8885670211693,1.795143772463996,80,12
D03_17,22,278.33864181239284,1.8871381558946188,80,17
D03_18,20,278.0729764489357,1.5457649186662763,80,22
D03_19,8,707.7237928974578,1.8500066719829102,100,15
D03_2,22,24.51872815816906,1.4395175758677017,5,5
D03_20,22,470.0111281391553,1.8176159975985484,100,16
D03_21,20,401.88921827820764,2.4041364254339035,100,24
D03_22,8,587.6792995217248,1.9164934731198442,400,10
D03_23,22,557.20610832558,2.12592965229233,400,14
D03_24,20,864.0831335791712,1.6576425409343867,400,22
D03_25,8,604.3836391124695,1.9517586140762275,600,12
D03_26,22,1231.1051012630296,1.951472502416692,600,15
D03_27,20,830.9496101791548,1.4909930955538746,600,17
D03_28,8,700.7499857395092,1.7659947687545192,1000,14
D03_29,22,719.5942308595565,1.9343044449266602,1000,15
D03_3,20,35.57886989930572,1.2131136923754688,5,5
D03_30,20,1093.2325394336133,1.9010737768263046,1000,14
D03_4,8,302.1014159059902,1.3619608931461793,10,5
D03_5,22,49.74808847320238,1.0800670218681905,10,7
D03_6,20,46.929274838361124,1.1514875059593193,10,6
D03_7,8,361.05099348386045,1.3628265786222828,20,6
D03_8,22,62.5779065677539,1.2257358476632751,20,6
D03_9,20,66.6152203404024,1.1215960944421717,20,7
D04_1,19,44.00399633456332,1.0266644504553142,5,5
D04_10,19,234.69517827143994,1.262777615206424,40,4
D04_11,4,242.11839026251295,1.1981673331532574,40,5
D04_12,anc4,133.8736180836786,1.2136979162102721,40,7
D04_13,19,210.68781843916273,1.5281135412435916,60,3
D04_14,4,177.49746467813915,1.7136916988956101,60,3
D04_15,anc4,214.34921662471774,1.5316674133729262,60,5
D04_16,19,263.70108330730767,1.6754920883035096,80,11
D04_17,4,337.8553160321455,2.0179833030087013,80,19
D04_18,anc4,253.74610262378962,1.6170344354755937,80,12
D04_19,19,330.1660504314595,1.6706806375689507,100,15
D04_2,4,144.62789371424913,0.6867347318262619,5,5
D04_20,4,450.9375298097676,1.6625223049309013,100,15
D04_21,anc4,313.63104167112385,1.70437369779371,100,15
D04_22,19,4e3,1.255173600766016,400,13
D04_23,4,773.2873030196157,2.0833714119019824,400,12
D04_24,anc4,559.2307316219467,1.7777701184721175,400,20
D04_25,19,4e3,1.271836948499239,600,13
D04_26,4,713.7352699309283,2.341521967133502,600,12
D04_27,anc4,907.1213491807075,1.322727686880022,600,22
D04_28,19,3798.6716261941874,1.2963330706179723,1000,16
D04_29,4,754.5238841001666,1.6860426588592852,1000,17
D04_3,anc4,33.494355194497665,0.8822163546447522,5,8
D04_30,anc4,619.1994231032971,1.442154569217387,1000,16
D04_4,19,51.04824952531176,1.4080952744332862,10,4
D04_5,4,59.71488848995805,1.07279849066079,10,5
D04_6,anc4,43.065751127086095,1.4650184190494004,10,7
D04_7,19,190.54559256423323,0.9809054828009243,20,5
D04_8,4,81.46782976085406,1.1948122497670974,20,4
D04_9,anc4,63.63133548277558,1.2693791101907523,20,6
D05_1,33,31.547653322807346,1.952539700337279,5,3
D05_10,33,182.06048637053644,1.4287844184042136,40,5
D05_11,9,152.12713364957838,1.4832370124600545,40,4
D05_12,10,171.29290357269323,1.277609756513763,40,7
D05_13,33,251.53671454326465,1.2481089287466187,60,6
D05_14,9,244.6283033746511,1.3625035717287748,60,6
D05_15,10,242.3188072308277,1.4196997144811325,60,6
D05_16,33,271.86322498646445,1.7799439293003088,80,16
D05_17,9,283.8005974917742,1.991731614270652,80,19
D05_18,10,296.4318236122675,1.4428224237147926,80,17
D05_19,33,340.03542999151523,1.8810708393404203,100,19
D05_2,9,31.79243809943961,1.6204231824784052,5,3
D05_20,9,371.0651816566481,2.0644036231500698,100,19
D05_21,10,329.2300505440334,1.6534133798073078,100,25
D05_22,33,656.4745561820116,1.6765026425794594,400,12
D05_23,9,823.5738297652479,1.8936325311005777,400,19
D05_24,10,830.2765569113614,1.6448272267167892,400,23
D05_25,33,3892.3192405866444,1.1406094601426884,600,17
D05_26,9,948.513192475997,1.984329104247768,600,17
D05_27,10,762.9396618214062,1.5437236655489703,600,23
D05_28,33,2892.799116737328,1.2774225726929795,1000,16
D05_29,9,568.9631723086586,1.7068233363031817,1000,22
D05_3,10,36.78646289431879,1.4308641245837819,5,3
D05_30,10,1058.834167145364,1.2296335294882514,1000,18
D05_4,33,50.05160732766249,1.35155171176785,10,5
D05_5,9,51.36563067020376,1.1077150380458036,10,3
D05_6,10,42.88415414946736,1.9755001660744893,10,3
D05_7,33,96.402515483134,1.3404839326929732,20,6
D05_8,9,58.813025598516106,1.2973797807298608,20,5
D05_9,10,83.18581586640335,1.0590928759243843,20,6
D06_1,14,46.28160845328231,1.0596298681646055,5,6
D06_10,14,268.40717674151506,1.1399492883524633,40,7
D06_11,31,226.7742532712558,1.444702594926437,40,6
D06_12,5,4e3,0.7797188210903921,40,7
D06_13,14,275.6472315005205,1.3741420950713361,60,6
D06_14,31,270.16556383857534,1.261250073860356,60,8
D06_15,5,1182.1737588828412,0.9717525386927592,60,6
D06_16,14,265.29147628012794,1.6898261114697195,80,14
D06_17,31,316.44692784565956,1.7947016277395915,80,21
D06_18,5,229.2745669382442,1.672012116510991,80,17
D06_19,14,331.75461484726947,1.7619033524008216,100,17
D06_2,31,47.0332419379757,1.1948629422910895,5,5
D06_20,31,398.0027518534663,1.550230660763251,100,19
D06_21,5,307.0464393243507,1.5200130627905013,100,17
D06_22,14,572.3990552935375,1.8596771168701927,400,10
D06_23,31,798.257665529579,1.895587852860451,400,24
D06_24,30,1803.1233386807164,1.2865276743746759,400,20
D06_25,14,2863.654112836533,1.1926496378519122,600,16
D06_26,31,1190.885134413203,1.3620710097522855,600,18
D06_27,5,751.4560982323082,1.937285253922227,600,18
D06_28,14,1119.55379354747,1.4638318147839664,1000,13
D06_29,31,923.6448039626865,1.4722243930687675,1000,21
D06_3,5,84.9352238027698,0.5718554203496232,5,5
D06_30,5,1458.7245693880034,1.173121670049669,1000,19
D06_4,14,64.4154474249339,1.1124464569781818,10,6
D06_5,31,51.054689696479194,1.3861442884830666,10,4
D06_6,5,221.0303966784169,0.5596050758560206,10,7
D06_7,14,107.55634010855762,1.3530586102081108,20,6
D06_8,31,80.82136704224803,1.272678031146745,20,6
D06_9,5,150.58332753678943,0.9339083459635318,20,5
D07_1,32,35.121045297245345,1.2282859352341193,5,7
D07_10,32,195.45031497246202,1.2955318802214706,40,9
D07_11,35,197.5022737602271,1.3744259175614926,40,7
D07_12,anc3,137.40152267510052,1.331958587859831,40,7
D07_13,32,334.0905335060867,1.3062062142771014,60,7
D07_14,35,485.4669801729112,1.4060409053331608,60,7
D07_15,anc3,212.66523971759528,1.386175296173089,60,6
D07_16,32,254.46180430192135,1.7308018400508705,80,16
D07_17,35,511.79859723157847,1.5672195253139725,80,13
D07_18,anc3,291.0264751446233,1.397057113473927,80,19
D07_19,32,332.70569394282603,2.1261081946788787,100,14
D07_2,35,40.23044546987502,1.2544785345970941,5,6
D07_20,35,435.3539682526921,1.7844168297298006,100,14
D07_21,anc3,319.57477730793175,1.572118777944496,100,14
D07_22,32,825.8852415444586,1.7778954404975318,400,12
D07_23,35,914.7326064374217,1.812799835256268,400,11
D07_24,anc3,818.70769093513,1.4509839041056916,400,14
D07_25,32,2167.8025537529784,1.3775677450296373,600,13
D07_26,35,1136.8806036343499,1.5322924361703842,600,12
D07_27,anc3,1494.1491620708919,1.2424386756012462,600,16
D07_28,32,1004.7689100201278,1.453099683538972,1000,14
D07_29,35,830.3194506141186,1.9168626263950879,1000,9
D07_3,anc3,39.480534819790826,1.2460198860450447,5,6
D07_30,anc3,1496.7401006575258,1.2413056556840973,1000,17
D07_4,32,52.47371580673298,1.481082254811744,10,7
D07_5,35,57.01917786657429,1.3446314473262435,10,7
D07_6,anc3,42.6917333104732,1.9412818628231823,10,3
D07_7,32,97.92341816797493,1.7436733347033733,20,6
D07_8,35,147.4967885900565,1.4410269954933983,20,4
D07_9,anc3,81.65459424459483,1.4199668454443404,20,7
D08_1,32,47.847662093137316,0.5327317237544699,5,10
D08_10,32,208.127060845881,1.3301564727336146,40,8
D08_11,35,239.7635826301436,1.4036538055662025,40,6
D08_12,20,165.75921712855438,1.1264358104146361,40,8
D08_13,32,310.4343609551059,1.3763510197230184,60,6
D08_14,35,419.96063276196685,1.5713958154034844,60,6
D08_15,20,250.9257127047387,1.3995104872099813,60,6
D08_16,32,262.4641148340427,1.7723562908606254,80,16
D08_17,35,414.87125163242706,1.7755570133525127,80,11
D08_18,20,297.12527432281706,1.414172171756998,80,22
D08_19,32,340.4978842360715,1.8573903110281538,100,16
D08_2,35,39.36434923372775,1.2707727017256107,5,7
D08_20,35,446.16024592115394,1.8343452068985004,100,14
D08_21,20,288.3539917136058,2.256985921653525,100,26
D08_22,32,644.1832435575361,2.133820163553472,400,9
D08_23,35,1020.3301757624196,1.7036664910332058,400,15
D08_24,20,3786.4486173896535,1.1325128378862246,400,23
D08_25,32,1729.1476016825438,1.2891227664156761,600,16
D08_26,35,1198.9387135809186,1.4689567471618719,600,14
D08_27,20,765.932505145696,1.5809716492661223,600,17
D08_28,32,830.2217586517056,1.5217168693155922,1000,14
D08_29,35,753.9556631765433,1.7489767490627084,1000,10
D08_3,20,38.30543316006145,0.9924578096510104,5,7
D08_30,20,1108.0860472341274,1.3931219879051506,1000,15
D08_4,32,56.876155945908394,1.2675020319946015,10,10
D08_5,35,59.89429911657561,1.4786966921010671,10,4
D08_6,20,48.96890635291131,1.3496944014407561,10,6
D08_7,32,101.46090027281618,1.3159432170864624,20,9
D08_8,35,445.6137987300481,1.1288090241256874,20,7
D08_9,20,72.72973163880854,1.2154724748180221,20,5
D09_1,14,39.242782128351884,1.0289149239223778,5,6
D09_10,14,237.2265640866415,1.4122810456443566,40,4
D09_11,31,214.24795437378478,1.1907398790519763,40,7
D09_12,3,180.84538836492908,1.6345787933975626,40,7
D09_13,14,300.415509344658,1.5142413009334177,60,4
D09_14,31,169.31471669721995,1.4383799891998863,60,6
D09_15,3,249.72465543156432,1.3962980260608562,60,9
D09_16,14,267.14699960558556,1.7742004399023465,80,13
D09_17,31,308.23832346025483,2.335397445241112,80,20
D09_18,3,297.76613025256495,1.56825245908614,80,18
D09_19,14,350.17703732328465,1.8753995190574793,100,13
D09_2,31,47.47626182858443,1.3545792754983763,5,4
D09_20,31,345.1407366729033,1.8655483178439523,100,17
D09_21,3,321.473557150269,1.7319723839931795,100,17
D09_22,14,511.4215964686501,1.9451151848922776,400,14
D09_23,31,652.0742063923385,2.0080615419104495,400,20
D09_24,3,1005.4415630296621,1.3336790907681286,400,23
D09_25,14,3586.87470906233,1.184630728949141,600,18
D09_26,31,1186.3288971196246,1.3767583509407044,600,20
D09_27,3,1174.3978498803056,1.2528283108503178,600,20
D09_28,14,1338.9579415106632,1.423629740887456,1000,13
D09_29,31,733.8587837314582,1.663185609316386,1000,21
D09_3,3,39.02099223881618,1.358579951149563,5,7
D09_30,3,1475.7174524551876,1.3251591515170573,1000,18
D09_4,14,76.65310102315766,1.1668815688633867,10,4
D09_5,31,57.25845857998056,1.3410176923097115,10,5
D09_6,3,55.676891349271784,1.6936337507405586,10,7
D09_7,14,115.63286619237586,1.2118885371055663,20,6
D09_8,31,88.52017815946246,1.174558085471377,20,6
D09_9,3,78.80210953914737,1.7072318687759196,20,6
D10_1,19,41.102049981175306,1.0342279208153098,5,5
D10_10,19,502.5348704027613,1.1740693709923922,40,3
D10_11,4,202.82499876325306,1.1858809805220367,40,6
D10_12,7,228.08245908458537,1.4035858821106826,40,4
D10_13,19,218.4710838768348,2.122198791988612,60,1
D10_14,4,163.48085685736004,1.513264460488024,60,6
D10_15,7,370.6126099893934,1.1267460202810178,60,5
D10_16,19,260.1907211088691,1.7196600621536933,80,12
D10_17,4,246.23754863971013,2.4700955827344035,80,16
D10_18,7,249.81095113043372,1.7320011923396572,80,19
D10_19,19,319.5979761497679,1.8890524000289879,100,12
D10_2,4,173.09598762628403,0.5722922153427774,5,7
D10_20,4,326.71755774223686,1.843080117632833,100,13
D10_21,7,292.1637173584342,1.8421511514575142,100,16
D10_22,19,858.0596302994524,1.5208306970554557,400,17
D10_23,4,680.1222565329423,1.9513982674735992,400,11
D10_24,7,2025.8029736089086,1.2119443727629777,400,23
D10_25,19,1780.993608416662,1.4216994142509995,600,13
D10_26,4,603.0405964530445,1.642059380994213,600,14
D10_27,7,817.8560381941335,1.599483997912588,600,25
D10_28,19,2668.85165929106,1.2893970709338665,1000,19
D10_29,4,1081.4575461610377,1.4700859851647423,1000,17
D10_3,7,65.70703654363957,0.7580742441642765,5,7
D10_30,7,1205.3319243629974,1.2536355164336186,1000,21
D10_4,19,76.50572947141767,0.9109036453407986,10,6
D10_5,4,145.44711491238533,0.7343212686180917,10,6
D10_6,7,73.20121900097331,1.165624531559543,10,4
D10_7,19,150.88514374629762,1.138910579399701,20,5
D10_8,4,106.2880566027991,1.3637320952095,20,3
D10_9,7,99.44075982411601,1.3928103887549996,20,5
D11_1,11,29.556791631853887,1.5546571433774437,5,5
D11_10,11,190.6629239735022,1.6125056720940296,40,3
D11_11,27,4e3,0.8023102790558896,40,6
D11_12,10,174.14261001289805,1.2707067208462173,40,6
D11_13,11,246.49171595168295,1.6832631109776661,60,3
D11_14,27,4e3,1.0788846585988006,60,3
D11_15,10,235.14739770416242,1.5657275713570769,60,4
D11_16,11,314.1189677125726,2.334646791412311,80,10
D11_17,27,288.78859878026674,2.3979021327397043,80,17
D11_18,10,280.0961155641066,2.4040745599011912,80,11
D11_19,anc5,331.6568415109518,1.7942044699011932,100,16
D11_2,27,53.65352900621724,1.1120398407665664,5,2
D11_20,27,467.8648100285874,1.5070434301889797,100,14
D11_21,10,283.42599048537494,2.3473955312025327,100,19
D11_22,11,395.182254549508,2.1214301072489117,400,18
D11_23,27,461.9828809549431,2.2169987051405178,400,9
D11_24,10,1064.2714153657935,1.3287890660629453,400,21
D11_25,11,595.8218605497564,1.4922812871028797,600,19
D11_26,27,937.0005835015646,1.3813309925638166,600,17
D11_27,10,626.3545068816411,1.5788659758960308,600,19
D11_28,11,559.922746860569,1.5946217886824252,1000,21
D11_29,27,821.2891656850884,1.7506692796254844,1000,11
D11_3,10,71.37764637608565,0.71746787040647,5,6
D11_30,10,823.9430448052401,1.289443804843659,1000,21
D11_4,11,52.32609856452956,1.3363987658545016,10,5
D11_5,27,4e3,0.6258099558272325,10,3
D11_6,10,52.8226950781149,1.2191504111468532,10,6
D11_7,11,79.97941179018844,1.837435179169741,20,5
D11_8,27,456.1606021314087,0.9464043395077009,20,3
D11_9,10,66.32143012152132,1.1745658718698149,20,6
E02_1,1,59.18012730539535,1.1151485706808475,5,5
E02_10,1,236.02553023482838,1.4256612770116284,40,5
E02_11,26,196.8596478498528,1.1562853719864763,40,9
E02_12,anc4,141.24252120258112,1.172100848664487,40,7
E02_13,1,263.28211297874657,1.4888687217106507,60,5
E02_14,26,167.09679590948193,1.4857858831389001,60,7
E02_15,anc4,201.33540071310026,1.4895981873058335,60,6
E02_16,1,376.50427448665926,1.9709204289149584,80,9
E02_17,26,322.96096823132757,2.1262609462433706,80,16
E02_18,anc4,252.70416821693615,1.585179902313859,80,12
E02_19,1,363.69548490657127,1.569613220550232,100,12
E02_2,26,38.864193042573056,1.2472120557632513,5,5
E02_20,26,312.6637826377788,1.8677357046641718,100,16
E02_21,anc4,295.60597776809175,2.1943659709418237,100,15
E02_22,1,889.528307820408,1.4268657578758581,400,12
E02_23,26,509.17183355075025,2.046430888417677,400,17
E02_24,anc4,527.7914706696062,1.8647095278831236,400,19
E02_25,1,910.2564045297802,1.6968004815840203,600,14
E02_26,26,803.3255508976691,2.098355617754248,600,19
E02_27,anc4,624.4612348744625,2.1836874369738997,600,18
E02_28,1,2865.1843523480784,1.307875864695181,1000,14
E02_29,26,870.3677296447353,1.821923720263812,1000,18
E02_3,anc4,31.57714430040076,1.4080586633326995,5,5
E02_30,anc4,598.5422756466661,2.064744747572292,1000,15
E02_4,1,71.3543188731028,1.1043310868261629,10,5
E02_5,26,54.62745439442856,1.1917183238873026,10,7
E02_6,anc4,36.55845270923313,1.7675588989864768,10,4
E02_7,1,115.30563443843923,1.2420401992610772,20,5
E02_8,26,66.60760626708408,1.5823587365517457,20,6
E02_9,anc4,74.3766869708474,1.2807717001291297,20,6
E03_1,25,55.0859774617987,1.1012961628859086,5,7
E03_10,25,225.57705094951257,1.4075335410063246,40,6
E03_11,28,219.0411354987874,1.476835464942277,40,5
E03_12,30,356.7333633838102,1.251436831548763,40,7
E03_13,25,291.4032258187716,1.4197378026166079,60,8
E03_14,28,227.6240282057568,1.5590880537929697,60,6
E03_15,30,223.427976630203,1.8420524607375388,60,4
E03_16,25,338.40273971623304,2.1184201818151442,80,11
E03_17,28,255.5871932674307,2.3811426437186087,80,11
E03_18,30,211.18890473924077,1.9751390674152691,80,13
E03_19,25,373.2572624902505,1.7601013482842378,100,16
E03_2,28,96.43896563673935,0.8366268379416002,5,6
E03_20,28,841.6945739201133,1.6766698034818508,100,16
E03_21,30,318.65728799934874,2.1119649757617442,100,12
E03_22,25,468.13897421325385,1.630618730463805,400,10
E03_23,28,1166.2416310886722,1.9790453025722174,400,12
E03_24,5,871.6519652301981,1.8914580584837546,400,15
E03_25,25,948.4586996313491,1.6948173422661716,600,16
E03_26,28,1283.1781521019811,1.8703036879079344,600,18
E03_27,30,1677.7061560682562,1.307776848710323,600,20
E03_28,25,3987.8446620656914,1.329589595014484,1000,15
E03_29,28,947.26564615047,1.8282484908872694,1000,11
E03_3,30,29.659905052959328,1.783688044031415,5,3
E03_30,30,4e3,1.262382686086963,1000,17
E03_4,25,61.57885266604887,1.5586708842984116,10,6
E03_5,28,45.97956488833461,1.7144723989146677,10,5
E03_6,30,67.93904025332625,1.7186113429343202,10,4
E03_7,25,98.52590179929226,1.5332791630016809,20,5
E03_8,28,4e3,0.9424940542164999,20,6
E03_9,30,133.71719171585224,1.2938170459995042,20,7
E04_11,2,159.0809208805251,1.5250833183428123,40,4
E04_12,16,121.4929457588712,1.3630062595303727,40,7
E04_14,2,169.16392546898098,2.000814925180388,60,2
E04_15,16,221.42858624430667,1.5063440923835159,60,7
E04_17,2,316.22468942812986,2.0503768457913982,80,13
E04_18,16,288.4661035749821,1.4917855373424607,80,19
E04_2,2,69.66758210726847,0.6951283072305373,5,6
E04_20,2,341.33437981604607,1.9695442769737335,100,14
E04_21,16,293.0839125262217,2.373852624660138,100,24
E04_23,2,446.7991149221756,2.327802739030753,400,18
E04_24,16,728.4204102868493,1.750767959243202,400,26
E04_26,2,673.9890954451979,2.3564858842242296,600,21
E04_27,16,787.7521807971528,1.6080527384818124,600,20
E04_29,2,759.7726299664148,1.866468626914809,1000,21
E04_3,16,34.196810689846814,1.0830628403001528,5,6
E04_30,16,553.0320749186044,1.6793013860848,1000,10
E04_5,2,48.76178459770736,1.075658774277549,10,6
E04_6,16,44.438407116632014,1.900450821370548,10,4
E04_8,2,67.00446310962174,1.1808840573915707,20,5
E04_9,16,59.16501047997539,1.417054111395545,20,6
E05_1,23,32.04373350893086,1.3333542925601858,5,6
E05_10,23,184.06646211308677,1.5003042182766546,40,6
E05_11,anc2,155.66116892407413,1.764739602893115,40,5
E05_12,cc1690,123.18461267905779,1.5942784215365113,40,9
E05_13,23,250.31475490121147,1.5141180713830356,60,5
E05_14,anc2,236.97466509654188,1.4149134006519881,60,7
E05_15,cc1690,225.24940618063874,1.638751216692631,60,5
E05_16,23,357.94869009967954,2.205949492196597,80,17
E05_17,anc2,284.08711720247004,2.142218973357716,80,13
E05_18,cc1690,287.2340500261155,1.5324457213836142,80,22
E05_19,23,347.8905668077955,1.901814010054855,100,13
E05_2,anc2,37.56735341544348,1.2561247673659703,5,5
E05_20,anc2,335.14148771572985,2.232519548823557,100,17
E05_21,cc1690,298.47977031509765,2.127357008518626,100,17
E05_22,23,1080.8673824903753,1.3536311162839487,400,16
E05_23,anc2,914.1764056480965,1.5905908569388876,400,21
E05_24,cc1690,861.3422033421891,1.578276086732707,400,25
E05_25,23,718.605381045869,1.3737469235931654,600,19
E05_26,anc2,754.4851348661937,1.6551136400661643,600,11
E05_27,cc1690,1050.5406720086398,1.4001429715659923,600,18
E05_28,23,775.3462221607708,1.5866147890894011,1000,16
E05_29,anc2,586.8252283173027,1.7780935865889151,1000,16
E05_3,cc1690,36.3899234631581,1.1331800659877036,5,6
E05_30,cc1690,639.7451307148742,1.525686337085336,1000,23
E05_4,23,47.89454521360674,1.4816643941260712,10,6
E05_5,anc2,61.512686774259585,1.1404654234853202,10,8
E05_6,cc1690,41.1962645970076,1.511760375674095,10,8
E05_7,23,72.13908479090556,1.642554692645227,20,4
E05_8,anc2,93.62756588257925,1.3679402560956124,20,5
E05_9,cc1690,51.43936483211324,1.8464270996265788,20,8
E06_1,24,126.94119611145042,0.6861712603248314,5,4
E06_10,24,4e3,0.8556565522832055,40,5
E06_11,18,216.15336384494123,1.4059925729225862,40,8
E06_12,29,362.62642098142345,1.3279379668840512,40,8
E06_13,24,4e3,0.8548203447136761,60,6
E06_14,18,203.00965948403484,1.2995306168139968,60,9
E06_15,29,188.9678443401124,1.7999109697854052,60,7
E06_16,24,385.7664197731701,2.1942716049732347,80,4
E06_17,18,274.87522078889214,2.2661875309089146,80,16
E06_18,29,319.0807829491953,1.593170116200481,80,15
E06_19,24,330.3898978236114,1.9616451804032806,100,9
E06_2,18,42.753500011717655,1.4346618551769368,5,5
E06_20,18,320.9083021804488,2.15325560058624,100,15
E06_21,29,436.5006761768095,1.9677874172142258,100,19
E06_22,24,702.0550260322934,1.7794102692890887,400,9
E06_23,18,791.2468675494366,1.8100162866221947,400,14
E06_24,29,852.8992452308182,1.6999658104450124,400,13
E06_25,24,1568.2091419350734,1.374790183887483,600,14
E06_26,18,647.4422866560693,1.5745245449466212,600,18
E06_27,29,1854.4953213890396,1.437462763639385,600,19
E06_28,24,1135.1246658237878,1.556567688349135,1000,11
E06_29,18,631.1573476356974,1.7988357797574819,1000,16
E06_3,29,32.498991018630946,1.9175497127544068,5,5
E06_30,29,1062.1397845795298,1.440481725402838,1000,14
E06_4,24,577.9047852349131,0.773457023200784,10,3
E06_5,18,58.93676576790255,1.3214832703789556,10,7
E06_6,29,115.13859784224411,1.2918937057720907,10,6
E06_7,24,4e3,0.6983506574791587,20,6
E06_8,18,74.43681219041078,1.2643082039097033,20,7
E06_9,29,149.28880621639772,1.8469291396904468,20,4
E07_1,anc5,41.13109643609457,1.2751590951498342,5,6
E07_10,anc5,259.7722074859207,1.2038013055918175,40,7
E07_11,17,205.9335607706253,1.7407361380023096,40,10
E07_12,15,117.53352561604297,1.6202149208715038,40,12
E07_13,anc5,246.97250626270974,1.4141293847409295,60,5
E07_14,17,565.6787019151969,1.8078827368318302,60,7
E07_15,15,209.87703810007812,1.5491339876875334,60,10
E07_16,anc5,238.98662993505937,1.7399702919164866,80,13
E07_17,17,562.2230302673645,1.9347714562565814,80,19
E07_18,15,231.65878126468564,1.7043082416875774,80,18
E07_19,11,294.1543584356786,2.062337347986728,100,20
E07_2,17,66.33130684278798,1.4262581855583438,5,6
E07_20,17,541.8975817834707,1.6771013866648887,100,17
E07_21,15,326.68647423700617,1.8427969437860894,100,18
E07_22,anc5,549.4983587767935,1.8398681633798113,400,16
E07_23,17,837.4079673528568,1.9964854293791003,400,8
E07_24,15,779.41683319247,1.5500641693652564,400,18
E07_25,anc5,1062.4970814776188,1.4466782406304597,600,12
E07_26,17,1696.1059145415072,1.5485580261776362,600,16
E07_27,15,1203.4201977841665,1.3685123451385743,600,19
E07_28,anc5,617.7136466246951,1.6150516825397767,1000,14
E07_29,17,904.6400798161611,1.8097639025447079,1000,10
E07_3,15,84.41105030141023,0.3811259334285683,5,13
E07_30,15,1166.224359371322,1.4284868645614126,1000,16
E07_4,anc5,63.825902964931785,1.0141302543886312,10,7
E07_5,17,74.17677074376675,1.4034588986094403,10,7
E07_6,15,43.38081112875912,1.7669697684585364,10,7
E07_7,anc5,100.85598741873936,1.3469150373716763,20,5
E07_8,17,222.927861604382,1.4260074413586228,20,9
E07_9,15,45.61412244732508,1.62676887834317,20,11
E08_1,33,37.4093644670577,1.0663780633223785,5,8
E08_10,33,289.5252067250081,0.9650179198651928,40,10
E08_11,9,174.58177864833246,1.350288055760784,40,5
E08_12,30,276.1394525210829,1.5486064150235928,40,4
E08_13,33,266.0547047137912,1.3347608317772273,60,5
E08_14,9,158.38780747810205,1.5024434963572357,60,6
E08_15,30,202.41981641384473,1.5975671609186972,60,5
E08_16,33,333.3489443968014,2.283232526048832,80,18
E08_17,9,228.75591807382284,2.2831628681362854,80,22
E08_18,30,242.7648936498139,1.8434157393939494,80,14
E08_19,33,320.3598870606582,1.924925602399366,100,22
E08_2,9,46.472037401553884,1.1053292305146545,5,5
E08_20,9,342.85936587258755,2.0750301432746046,100,20
E08_21,30,430.5245852498485,1.6524299356826313,100,15
E08_22,33,581.0680567193425,1.9468189955194468,400,14
E08_23,9,771.8290901189663,1.8781119423231323,400,18
E08_24,5,1277.3402098429144,1.4818831230758633,400,17
E08_25,33,903.8585697474429,1.4350749916660201,600,16
E08_26,9,752.770330053007,1.3671145803145615,600,23
E08_27,30,2106.561630814949,1.2607240379895783,600,20
E08_28,33,1353.5091893613708,1.4134116894531843,1000,17
E08_29,9,1293.3404416820804,2.161648678959703,1000,21
E08_3,30,36.134647227223695,1.3441086969640177,5,6
E08_30,30,4e3,1.2195132733166083,1000,18
E08_4,33,57.705282219919695,1.2325720416402213,10,5
E08_5,9,72.79776639347922,1.0843896473098493,10,3
E08_6,30,71.71680038122983,1.5616648833144937,10,6
E08_7,33,102.19067300082308,1.2898235778509786,20,7
E08_8,9,60.28217727412307,1.3441768604564368,20,4
E08_9,30,103.20521326911876,1.7239490098812567,20,4
E09_1,6,68.66267795130015,1.2442458469271007,5,3
E09_10,6,265.23950020174203,1.302345374348641,40,4
E09_11,21,920.2765520000521,1.3763173972218243,40,6
E09_12,20,187.09062753679905,1.2274882431309118,40,6
E09_13,6,235.00250495747989,1.4583857987324613,60,3
E09_14,21,816.3054147882724,1.676775910806681,60,5
E09_15,20,230.45046236092395,1.3232230216874976,60,8
E09_16,6,509.6737167439344,1.9218573229538896,80,15
E09_17,21,671.2456002366996,1.809158967913144,80,18
E09_18,20,267.5198206848696,1.6880114826641173,80,19
E09_19,6,465.120339694632,1.6318246849767433,100,21
E09_2,21,120.53272391879706,1.3469833832846865,5,5
E09_20,21,833.7415638238386,1.838364898712508,100,20
E09_21,20,300.128329622979,2.042305009468303,100,22
E09_22,6,875.3547687272122,1.961599236419085,400,16
E09_23,21,917.0423859681185,1.9977636415040456,400,13
E09_24,20,1165.2771125464574,1.4402229684491883,400,20
E09_25,6,2555.1357779771115,1.3692891376425682,600,17
E09_26,21,1353.28941972373,1.7756123889459412,600,12
E09_27,20,744.6210477066656,1.6403750047824797,600,16
E09_28,6,1318.6821237083623,1.507804757888232,1000,12
E09_29,21,582.4922294654225,1.8518264402540394,1000,9
E09_3,20,44.76022171331222,0.7177461108772261,5,9
E09_30,20,1241.8212980194824,1.2507990200271306,1000,23
E09_4,6,90.9616254874202,1.0303573200857927,10,5
E09_5,21,146.23130260427737,1.2371079071093336,10,6
E09_6,20,47.605841780025436,1.4027296709435269,10,6
E09_7,6,136.83743310293332,1.228887840569961,20,5
E09_8,21,488.51812557650794,1.1719635208331864,20,10
E09_9,20,63.41862055486843,1.263163829772091,20,7
E10_1,8,175.4712414170777,1.1553815098156273,5,8
E10_10,8,4e3,1.1258354177546426,40,7
E10_11,22,156.4349662832734,1.4508865049674762,40,6
E10_12,5,4e3,1.0349363110846461,40,3
E10_13,8,4e3,1.1201081178765464,60,8
E10_14,22,142.34148080167606,1.5667180458585757,60,6
E10_15,5,4e3,0.8856775338218015,60,7
E10_16,8,527.9709621499986,1.7203771328814645,80,13
E10_17,22,234.31302194402957,2.081294176235363,80,19
E10_18,5,234.19855008139047,1.687943978055909,80,20
E10_19,8,663.597824208581,1.8534315437623394,100,14
E10_2,22,38.23231729410231,1.0908033662313807,5,6
E10_20,22,462.29565801756496,1.6762089096049047,100,18
E10_21,5,291.8005645198272,1.7223924641348731,100,11
E10_22,8,521.8346578951268,1.8265304869731904,400,14
E10_23,22,464.2218527072692,2.0753783494321003,400,14
E10_24,30,1078.3589318752975,1.3976129703675442,400,22
E10_25,8,586.018332194882,1.4675366140686774,600,20
E10_26,22,702.3072622385471,1.668654093691285,600,16
E10_27,5,732.7935946273404,1.787618902943719,600,18
E10_28,8,768.3694274169809,1.7274759698113173,1000,15
E10_29,22,487.2230761652651,1.887205116919806,1000,17
E10_3,5,82.31003165769283,0.7974992806157549,5,3
E10_30,5,1301.5947583561629,1.3447442749847212,1000,17
E10_4,8,337.887996947267,1.1535596602668212,10,5
E10_5,22,53.54354078024417,1.410161131762275,10,4
E10_6,5,90.99884109733229,0.952902201812958,10,5
E10_7,8,429.68845829439505,1.4029769168063129,20,6
E10_8,22,87.7428420157817,1.109587986646721,20,6
E10_9,5,116.35143454510936,0.9402161334319907,20,6
E11_1,24,4e3,0.504085594603147,5,5
E11_10,24,4e3,0.8798326040221801,40,4
E11_11,18,166.67744868788049,1.4343524467066033,40,6
E11_12,16,169.21162467019678,1.406412524684476,40,6
E11_13,24,4e3,1.2346199129157376,60,2
E11_14,18,166.74901366644562,1.7907669363391434,60,6
E11_15,16,282.43074709378,1.55095490638017,60,7
E11_16,24,419.15863547920065,2.1432526399343783,80,5
E11_17,18,246.49768191068466,2.253844552437305,80,20
E11_18,16,262.9497867779435,1.8934849725188712,80,23
E11_19,24,340.12802375705246,1.8742614744024142,100,13
E11_2,18,62.972143524950994,1.033623410532727,5,7
E11_20,18,423.11459170379004,1.721077085974033,100,19
E11_21,16,306.5338690829867,2.58772283657379,100,22
E11_22,24,506.42778975103107,2.0550491709264915,400,8
E11_23,18,616.4191653720103,1.8224916566150142,400,14
E11_24,16,926.772648789073,1.3421407619796057,400,27
E11_25,24,1136.3737228827088,1.5073705774764137,600,13
E11_26,18,587.1869447065334,1.735072745707537,600,17
E11_27,16,594.4615860188399,1.4020610634896977,600,22
E11_28,24,1082.5172458411719,1.6659769505224111,1000,12
E11_29,18,717.9577582250392,1.512402847503076,1000,18
E11_3,16,38.8600603596416,1.2545054837542722,5,6
E11_30,16,565.3738959188843,1.5743011726589897,1000,16
E11_4,24,148.7304431496014,0.9067633727673207,10,3
E11_5,18,53.55718260183818,1.8723163990418243,10,3
E11_6,16,59.68840628606129,1.1964962049685552,10,7
E11_7,24,4e3,0.7062979956423678,20,5
E11_8,18,108.52026317294961,1.0854508936463048,20,8
E11_9,16,57.16053951611089,1.5773250805906192,20,8
F02_1,25,64.2461798540175,1.0605033096339593,5,7
F02_10,25,216.6423677206777,1.82204210791982,40,3
F02_11,28,100.27109360122228,1.8774255016438517,40,7
F02_12,15,126.33366500695689,1.343715989873647,40,12
F02_13,25,291.9834959149216,1.7650820420183309,60,4
F02_14,28,235.72733122125905,1.8514854941724161,60,4
F02_15,15,198.69926409092352,1.4953214757168387,60,12
F02_16,25,320.43951106624934,2.1614764349773146,80,12
F02_17,28,235.03382898923394,1.7745393954336306,80,16
F02_18,15,412.2784032113657,1.4035632516718355,80,19
F02_19,25,373.60268447190646,1.6221502549493314,100,19
F02_2,28,490.15486152800105,0.7320619125493953,5,6
F02_20,28,680.518953104349,1.614128463696004,100,17
F02_21,15,414.3569889746805,1.5817290764130953,100,18
F02_22,25,477.92278307881674,1.605648591691909,400,11
F02_23,28,975.5899834746403,1.8937752064166884,400,12
F02_24,15,805.2354982995605,1.678887505187263,400,16
F02_25,25,972.002491537886,1.4715391330246208,600,18
F02_26,28,1906.4812625097761,1.6587663071300203,600,20
F02_27,15,1427.636953196246,1.295108955690976,600,21
F02_28,25,4e3,1.273297023643192,1000,17
F02_29,28,774.2668453458795,1.9061574722050876,1000,13
F02_3,15,154.1288072407811,0.4586129787730734,5,8
F02_30,15,1007.6239815524947,1.7617890146686002,1000,20
F02_4,25,69.0160786728485,1.3734826208373974,10,7
F02_5,28,53.339075408175276,1.6572250149358139,10,6
F02_6,15,31.251423155251796,1.6540903373132907,10,7
F02_7,25,105.38238468312646,1.461472071926582,20,6
F02_8,28,4e3,0.9575459558952317,20,6
F02_9,15,81.41299924934847,1.2096258005982814,20,11
F03_1,19,44.02514604895039,1.2663454796344997,5,4
F03_10,19,499.7962044036407,0.9115508938260345,40,8
F03_11,4,236.67717208063286,1.1287300571603014,40,6
F03_12,7,236.26481810490614,1.3361379529099118,40,5
F03_13,19,332.18925954128974,1.2386807517559957,60,4
F03_14,4,175.6677357579081,1.497314975219337,60,5
F03_15,7,203.75909490991768,1.637087154015284,60,4
F03_16,19,290.1044447857635,1.848070648540617,80,10
F03_17,4,327.2600295758517,2.212410846545935,80,17
F03_18,7,257.66244999510184,1.4743215701084844,80,16
F03_19,19,386.34728178608754,1.4879342948732077,100,13
F03_2,4,48.44773109729341,0.9942086298474323,5,4
F03_20,4,318.8799166387289,2.3256937781002613,100,13
F03_21,7,282.9117836874639,1.7705434077248086,100,13
F03_22,19,2284.387909121508,1.3447528679848264,400,11
F03_23,4,744.0413845303673,1.970025740304326,400,11
F03_24,7,849.9828798408598,1.844616974271936,400,16
F03_25,19,4e3,1.102356737601716,600,18
F03_26,4,758.9788637401334,2.3144774665108754,600,13
F03_27,7,885.1506035770809,1.6584988330975325,600,17
F03_28,19,3358.0601708394342,1.3041195095295748,1000,16
F03_29,4,859.2051203668412,1.8017142747585244,1000,15
F03_3,7,44.224593654376605,1.246267152809585,5,3
F03_30,7,3197.567358554883,1.2244906956137775,1000,16
F03_4,19,61.42913520943896,1.0665181190149022,10,6
F03_5,4,75.823543034328,0.9350269618046815,10,5
F03_6,7,113.44700395073643,0.8606477277127944,10,7
F03_7,19,117.51176632077562,1.319357660659227,20,3
F03_8,4,93.46744849663862,1.0706533537845755,20,5
F03_9,7,107.94768102224684,1.7189319526346476,20,2
F04_1,6,49.83700632542295,1.574934908141764,5,5
F04_10,6,363.518241501288,1.116550813983338,40,5
F04_11,21,850.5040922733307,1.394600807074882,40,6
F04_12,29,264.4997452575481,1.386869524596706,40,7
F04_13,6,185.40709078282393,1.6585677951020077,60,2
F04_14,21,692.6895633706819,1.680815542283843,60,6
F04_15,29,172.52555803530672,1.6523282128942423,60,7
F04_16,6,429.09188512535576,1.6594025253169289,80,14
F04_17,21,611.6154948126357,1.7924953421988397,80,17
F04_18,29,177.1656017394375,1.8132493462785237,80,15
F04_19,6,362.1786986953089,1.406381635034427,100,22
F04_2,21,143.81580667041692,1.4712694501729655,5,5
F04_20,21,545.2039134984175,1.9390270650361754,100,14
F04_21,29,268.98194730476166,1.6610806033436383,100,17
F04_22,6,1407.4371823507379,1.4364572945893717,400,17
F04_23,21,1076.1104239002912,2.0306136176609244,400,15
F04_24,29,813.7624157228286,1.6199425235653078,400,13
F04_25,6,4e3,1.2166352673229448,600,17
F04_26,21,1171.0261391059848,1.9157347714382214,600,9
F04_27,29,4e3,1.1884988555504152,600,21
F04_28,6,3583.1142712925034,1.2238293465473058,1000,13
F04_29,21,985.6791066369393,1.6772404139232673,1000,8
F04_3,29,32.51825922856005,1.5799887126428263,5,6
F04_30,29,4e3,1.183087415467982,1000,20
F04_4,6,71.7801803162074,1.3813702200934044,10,3
F04_5,21,224.85429899026423,1.3475112545860586,10,5
F04_6,29,98.84767289191211,1.2181947345665607,10,7
F04_7,6,142.041894633636,1.250054616136253,20,5
F04_8,21,427.1514383651212,1.4619456419905492,20,7
F04_9,29,182.3429807253241,1.7579882479125006,20,6
F05_1,anc5,50.28211419382322,1.0164943163053126,5,7
F05_10,anc5,345.3145143118292,0.9879063675766349,40,9
F05_11,17,221.03194544893495,1.9638889563881134,40,6
F05_12,anc3,185.04994391327284,1.0892794667769865,40,8
F05_13,anc5,224.90649044687964,1.5657017277295089,60,4
F05_14,17,329.03189726520856,2.048204499019571,60,8
F05_15,anc3,178.12623227516661,1.6636481845734103,60,5
F05_16,anc5,278.6933192790781,2.393298885802997,80,12
F05_17,17,421.5502138964921,2.0820955802818273,80,19
F05_18,anc3,269.60561207591127,1.421556759849748,80,14
F05_19,11,306.43841962671553,1.4632076681189188,100,17
F05_2,17,73.4953486376448,1.440659671225124,5,6
F05_20,17,683.8428458637231,1.8905982205346463,100,14
F05_21,anc3,285.2063376156874,1.603104994974975,100,11
F05_22,anc5,510.381558947168,1.6493311976024911,400,11
F05_23,17,764.3072563245156,1.9895898461936423,400,10
F05_24,anc3,797.6188423404519,1.455242860872177,400,14
F05_25,anc5,868.0617559599106,1.248529353871377,600,14
F05_26,17,1833.4155241791561,1.482455865487863,600,14
F05_27,anc3,1762.9878706814172,1.286874449995946,600,12
F05_28,anc5,646.3915602764305,1.4205701445400174,1000,13
F05_29,17,1196.6434488600594,1.6820524713168223,1000,10
F05_3,anc3,40.35761001396693,0.8668723590277871,5,9
F05_30,anc3,1077.1844448505158,1.3362612817675859,1000,10
F05_4,anc5,60.44776726241318,1.2356773339188205,10,5
F05_5,17,72.35803525090496,1.7981985109601153,10,7
F05_6,anc3,40.45315878246242,1.859593592679658,10,5
F05_7,anc5,114.80006491429285,1.256009820235182,20,6
F05_8,17,157.21407998245928,2.0540977544688337,20,5
F05_9,anc3,66.63865264775198,1.1525830813427689,20,6
F06_1,8,181.49398621334802,1.2553362785646653,5,6
F06_10,8,4e3,1.051015843573898,40,9
F06_11,22,187.88431479960508,1.5826323551472572,40,5
F06_12,anc4,164.6600688221206,1.413730291013504,40,5
F06_13,8,660.1014943765889,1.35904705891376,60,6
F06_14,22,304.1159475233054,1.1902822554883918,60,8
F06_15,anc4,219.31849794036782,1.4777234895265703,60,6
F06_16,8,527.9784881332034,1.7139951145274765,80,12
F06_17,22,296.72097667650775,2.2968688558340076,80,17
F06_18,anc4,262.9548587320624,1.6485864235596914,80,11
F06_19,8,685.9476486974435,1.7842877944589708,100,18
F06_2,22,36.258583918914184,1.2243127173750152,5,6
F06_20,22,328.78627153605106,1.9779204552197425,100,18
F06_21,anc4,277.9629848429831,1.8998995797289697,100,15
F06_22,8,1909.0893444710496,1.2552447117196885,400,16
F06_23,22,535.3611936961006,1.9903229624533245,400,17
F06_24,anc4,653.990158978921,1.3794835986302396,400,18
F06_25,8,604.6628847453803,1.6738695693957164,600,17
F06_26,22,1872.5512587641203,1.191426015924823,600,16
F06_27,anc4,893.3247730612273,1.3115729719592826,600,21
F06_28,8,707.1563914666139,1.632302714281824,1000,18
F06_29,22,471.02289777784085,1.7062993444770707,1000,17
F06_3,anc4,38.307871367439695,1.163694334791046,5,6
F06_30,anc4,616.2611538820771,1.2934598448646484,1000,17
F06_4,8,424.0413947484124,1.2379041661733212,10,6
F06_5,22,52.54799868790452,1.6826167023194067,10,5
F06_6,anc4,41.591835928193504,1.5366459144506508,10,6
F06_7,8,404.89003646839245,1.357625703503224,20,7
F06_8,22,94.03506806183907,1.3479010854894322,20,5
F06_9,anc4,55.91217173257123,1.8648197631605903,20,4
F07_1,32,42.55075398983068,0.838253262276192,5,11
F07_10,32,213.22923884399754,1.2297325873308032,40,9
F07_11,35,270.15036888820964,1.2329743006927634,40,10
F07_12,cc1690,184.55110818435722,1.394153877765047,40,8
F07_13,32,314.67927667492404,1.2913281389647213,60,8
F07_14,35,418.09674039130766,1.3959409664587568,60,9
F07_15,cc1690,258.36783036607414,1.499721695244261,60,6
F07_16,32,326.1268038976643,2.316631268771035,80,15
F07_17,35,445.44844391877604,1.5273440225274486,80,15
F07_18,cc1690,294.2247779123845,1.6101036580009667,80,20
F07_19,32,326.44009350273365,1.8780813285667244,100,12
F07_2,35,52.10305386068073,1.5659334844118995,5,6
F07_20,35,350.72844932717453,1.8741591647342575,100,15
F07_21,cc1690,323.2928490559881,1.7590832312862874,100,18
F07_22,32,691.6469632848023,1.9835849475743799,400,10
F07_23,35,849.7272956814262,1.7229634772773936,400,13
F07_24,cc1690,1562.7026676002351,1.2146566768743865,400,23
F07_25,32,1997.6609970518432,1.3018204984855615,600,14
F07_26,35,1030.9300463147295,1.6219435544640488,600,9
F07_27,cc1690,1387.480834954833,1.3140283184395163,600,16
F07_28,32,996.4427661560453,1.3843028460426445,1000,16
F07_29,35,596.0403382624213,1.7142003245262598,1000,11
F07_3,cc1690,37.07242975043419,1.1050799742485082,5,8
F07_30,cc1690,806.5795889773832,1.222809367062589,1000,28
F07_4,32,54.886894598508135,1.4313184120342317,10,7
F07_5,35,58.425496031673894,1.36680163354377,10,6
F07_6,cc1690,44.82241043344062,1.3680621529299801,10,8
F07_7,32,91.32706024046391,1.5554129973625583,20,8
F07_8,35,201.95500076148497,1.1130339796205269,20,8
F07_9,cc1690,58.55752700789745,1.6043732443795629,20,8
F08_1,14,52.23956522799979,1.2483659550391895,5,4
F08_10,14,284.7353681499742,1.2360776538573301,40,6
F08_11,31,168.00679735971252,1.531005047738683,40,5
F08_12,10,242.89680955050287,1.3278782295353977,40,5
F08_13,14,339.4044576492856,1.3291044912698795,60,6
F08_14,31,279.6036785772272,1.2503025973298632,60,7
F08_15,10,256.6029060102426,1.5226585185462618,60,5
F08_16,14,333.0222081754342,1.941528751622696,80,15
F08_17,31,302.4894751023927,2.057225049697421,80,19
F08_18,10,286.27691692229166,1.638235309671004,80,13
F08_19,14,338.7404350149226,1.7103341253889208,100,12
F08_2,31,50.67687831462371,1.2825260155251668,5,6
F08_20,31,520.5020647247752,1.5703993840580492,100,16
F08_21,10,351.2732715515083,1.468548736943926,100,19
F08_22,14,579.9727961471855,1.8738673427363441,400,13
F08_23,31,934.1623804088116,1.5685983800805254,400,22
F08_24,10,850.2743536236748,1.5148978729001552,400,19
F08_25,14,1271.9824439309225,1.2782176056466217,600,14
F08_26,31,1011.1684763840665,1.4052895370515002,600,18
F08_27,10,753.2006472002711,1.455452352506769,600,21
F08_28,14,936.0775560617952,1.3744408634364897,1000,15
F08_29,31,686.9201043545107,1.4819496335904487,1000,21
F08_3,10,48.194497977424966,0.8272156923644368,5,7
F08_30,10,944.1421317130062,1.2812073582650534,1000,19
F08_4,14,104.16747735816824,0.8931068907846604,10,7
F08_5,31,58.41771122106371,1.3744566549932131,10,5
F08_6,10,50.55195422923174,1.599706581665836,10,5
F08_7,14,131.75308705973202,1.0404752949839557,20,8
F08_8,31,108.75372692458942,1.2513888106496307,20,5
F08_9,10,102.77299021496378,1.2718346134892897,20,5
F09_11,2,148.95720867113423,1.621710293532378,40,4
F09_12,3,239.5793107955177,1.5892580985736207,40,6
F09_14,2,181.2736286837388,1.3386523079573796,60,7
F09_15,3,291.7663594617224,1.6774967604598192,60,7
F09_17,2,241.6638730501356,2.426021691038101,80,13
F09_18,3,294.4277000315366,1.6313674166953867,80,16
F09_2,2,63.004385678560304,1.0136845169449606,5,4
F09_20,2,352.0654288899445,1.696977871467262,100,11
F09_21,3,320.56106161079816,1.605410660539292,100,17
F09_23,2,400.06586541433745,2.6158917365610512,400,17
F09_24,3,1190.7665916187132,1.2117198308942174,400,21
F09_26,2,397.98912275920884,1.5524935532785706,600,20
F09_27,3,735.6913300967807,1.2567768427625692,600,21
F09_29,2,399.65855409391594,1.8495370653533978,1000,22
F09_3,3,43.577805994465194,1.320480700829068,5,7
F09_30,3,2436.5937486700736,1.1601189872784037,1000,16
F09_5,2,59.77986980968661,1.2619463557484463,10,4
F09_6,3,61.43675829856623,2.2269976475412085,10,3
F09_8,2,88.60936251099132,1.6870240492388688,20,2
F09_9,3,89.59192081703023,1.7263492462795555,20,6
F10_1,23,43.34299258593899,1.3580632345822905,5,4
F10_10,23,194.86562243289052,1.6971586772881917,40,4
F10_11,anc2,153.42520048813225,1.4726357580732754,40,8
F10_13,23,324.6544910846459,1.558406857461233,60,4
F10_14,anc2,188.0442979059079,1.4222338537103878,60,7
F10_16,23,361.2182032884228,2.3683438203156166,80,15
F10_17,anc2,270.0886872684348,2.112991694336701,80,16
F10_19,23,372.347471441824,1.5483160558656899,100,18
F10_2,anc2,42.93141156919392,1.2232557349653448,5,6
F10_20,anc2,356.84539123713716,1.7671236922366147,100,20
F10_22,23,560.9214614570168,1.68820153900129,400,14
F10_23,anc2,694.7172994519319,1.6937543808514415,400,14
F10_25,23,1599.15878244341,1.2243075481891472,600,19
F10_26,anc2,1191.5410225006065,1.3606667733349278,600,13
F10_28,23,692.3633003490876,1.6520033557278393,1000,13
F10_29,anc2,532.290601948742,1.759095811307365,1000,12
F10_4,23,57.22970798214196,1.6339705604158592,10,4
F10_5,anc2,72.81140228366901,1.181589640845562,10,8
F10_7,23,91.60340165416152,1.3618065474449021,20,7
F10_8,anc2,92.2518842234381,1.5631544469694019,20,5
F11_1,1,138.30980996834256,0.6107587359397687,5,8
F11_10,1,227.2698784120267,1.4943705935095977,40,4
F11_11,26,198.66183062346266,1.24555951704199,40,8
F11_13,1,251.1617893514185,1.5906942844102574,60,4
F11_14,26,149.38321170690173,1.8046354465462626,60,5
F11_16,1,281.75979436174885,1.8640428489393073,80,11
F11_17,26,211.76407710648886,2.4402608129633205,80,15
F11_19,1,367.1783021115747,1.4817420788687523,100,11
F11_2,26,51.63657689824263,0.9863294370184896,5,7
F11_20,26,301.4331775961836,1.9061486245419947,100,14
F11_22,1,699.4212920012332,1.525065470429101,400,11
F11_23,26,601.4621314716453,1.7954122326577375,400,15
F11_25,1,2522.7604526510854,1.2684125706358718,600,15
F11_26,26,546.0989649389891,1.72966080493689,600,14
F11_28,1,1233.485182514785,1.586792199667824,1000,11
F11_29,26,524.2971380445501,1.604455819798689,1000,21
F11_4,1,91.90848294618603,1.0267794009979205,10,5
F11_5,26,71.90147859757207,1.2844800728870611,10,5
F11_7,1,123.07791793283077,1.2286259459677487,20,6
F11_8,26,99.16863094155093,1.3114698787979184,20,7
G02_1,11,39.43468545357227,1.5372236313340422,5,4
G02_10,11,192.74403773218432,1.3644868613827221,40,6
G02_11,27,4e3,0.8604288642833432,40,4
G02_13,11,280.89328983554776,1.7098209074760988,60,3
G02_14,27,4e3,0.8496180481897021,60,5
G02_16,11,294.61704586359537,2.1824506322419697,80,16
G02_17,27,346.73415276936316,1.2365432143106205,80,12
G02_19,anc5,344.63927501409006,1.5293895090119967,100,12
G02_2,27,46.19714352366775,1.090584780851106,5,3
G02_20,27,236.1192672344301,1.6253761274136105,100,10
G02_22,11,1039.7894564500343,1.1844315726661285,400,17
G02_23,27,586.3857500612879,2.5400642258176163,400,8
G02_25,11,449.83828569127587,1.9499369531736288,600,18
G02_26,27,1183.0440404531396,1.926285208424442,600,16
G02_28,11,496.4690160750645,1.82520128546569,1000,15
G02_29,27,2116.926876187252,1.4680395703406792,1000,11
G02_4,11,45.968484126441076,1.5400692352490368,10,4
G02_5,27,4e3,0.6252056528848444,10,4
G02_7,11,87.4138768849257,1.5027421809901307,20,5
G02_8,27,154.57622771360343,0.9120686526030303,20,5
G03_1,33,47.13400433642713,1.1879262153462773,5,6
G03_10,33,190.21019444635255,1.506604263846925,40,4
G03_11,9,186.03360230093986,1.3844938573997618,40,4
G03_13,33,274.7580157536034,1.3261860530457914,60,6
G03_14,9,218.86514362982712,1.4560755681561584,60,6
G03_16,33,310.3664028153769,2.218588089441745,80,15
G03_17,9,290.2235292033037,1.779548806587054,80,17
G03_19,33,336.09416158127516,1.7359259685780375,100,16
G03_2,9,47.52374086880381,0.8769808208807028,5,6
G03_20,9,292.37146073851574,2.0535910350744815,100,16
G03_22,33,623.3862988783098,1.628393356626303,400,11
G03_23,9,1212.782390130042,1.8885737847323238,400,20
G03_25,33,1075.7750265945317,1.2085608863180493,600,17
G03_26,9,1055.3221814198653,1.902045794085289,600,15
G03_28,33,1460.443955586524,1.4190163087163807,1000,15
G03_29,9,752.2137312028517,1.8277167165875567,1000,19
G03_4,33,48.900042030165494,1.5881071045354473,10,4
G03_5,9,52.031558167132914,1.1239900643335266,10,3
G03_7,33,119.15794911476799,1.2491231874103201,20,6
G03_8,9,98.3779072316283,1.2645478962929146,20,4
